[{"name": "build.cmake_prefix_path", "value": [], "section": "core", "machine": "any", "type": "array", "description": "List of additional prefixes for cmake to search"}, {"name": "build.pkg_config_path", "value": [], "section": "core", "machine": "any", "type": "array", "description": "List of additional paths for pkg-config to search"}, {"name": "auto_features", "value": "auto", "section": "core", "machine": "any", "choices": ["enabled", "disabled", "auto"], "type": "combo", "description": "Override value of all 'auto' features"}, {"name": "backend", "value": "ninja", "section": "core", "machine": "any", "choices": ["ninja", "vs", "vs2010", "vs2012", "vs2013", "vs2015", "vs2017", "vs2019", "vs2022", "xcode", "none"], "type": "combo", "description": "Backend to use"}, {"name": "buildtype", "value": "release", "section": "core", "machine": "any", "choices": ["plain", "debug", "debugoptimized", "release", "minsize", "custom"], "type": "combo", "description": "Build type to use"}, {"name": "cmake_prefix_path", "value": [], "section": "core", "machine": "any", "type": "array", "description": "List of additional prefixes for cmake to search"}, {"name": "debug", "value": false, "section": "core", "machine": "any", "type": "boolean", "description": "Enable debug symbols and other information"}, {"name": "default_library", "value": "shared", "section": "core", "machine": "any", "choices": ["shared", "static", "both"], "type": "combo", "description": "Default library type"}, {"name": "force_fallback_for", "value": [], "section": "core", "machine": "any", "type": "array", "description": "Force fallback for those subprojects"}, {"name": "genvslite", "value": "vs2022", "section": "core", "machine": "any", "choices": ["vs2022"], "type": "combo", "description": "Setup multiple buildtype-suffixed ninja-backend build directories, and a [builddir]_vs containing a Visual Studio meta-backend with multiple configurations that calls into them"}, {"name": "install_umask", "value": 18, "section": "core", "machine": "any", "type": "integer", "description": "Default umask to apply on permissions of installed files"}, {"name": "layout", "value": "mirror", "section": "core", "machine": "any", "choices": ["mirror", "flat"], "type": "combo", "description": "Build directory layout"}, {"name": "optimization", "value": "3", "section": "core", "machine": "any", "choices": ["plain", "0", "g", "1", "2", "3", "s"], "type": "combo", "description": "Optimization level"}, {"name": "pkg_config_path", "value": [], "section": "core", "machine": "any", "type": "array", "description": "List of additional paths for pkg-config to search"}, {"name": "prefer_static", "value": false, "section": "core", "machine": "any", "type": "boolean", "description": "Whether to try static linking before shared linking"}, {"name": "strip", "value": false, "section": "core", "machine": "any", "type": "boolean", "description": "Strip targets on install"}, {"name": "unity", "value": "off", "section": "core", "machine": "any", "choices": ["on", "off", "subprojects"], "type": "combo", "description": "Unity build"}, {"name": "unity_size", "value": 4, "section": "core", "machine": "any", "type": "integer", "description": "Unity block size"}, {"name": "vsenv", "value": false, "section": "core", "machine": "any", "type": "boolean", "description": "Activate Visual Studio environment"}, {"name": "warning_level", "value": "1", "section": "core", "machine": "any", "choices": ["0", "1", "2", "3", "everything"], "type": "combo", "description": "Compiler warning level to use"}, {"name": "werror", "value": false, "section": "core", "machine": "any", "type": "boolean", "description": "Treat warnings as errors"}, {"name": "wrap_mode", "value": "default", "section": "core", "machine": "any", "choices": ["default", "nofallback", "nodownload", "forcefallback", "nopromote"], "type": "combo", "description": "Wrap mode"}, {"name": "pkgconfig.relocatable", "value": false, "section": "core", "machine": "any", "type": "boolean", "description": "Generate pkgconfig files as relocatable"}, {"name": "python.allow_limited_api", "value": true, "section": "core", "machine": "any", "type": "boolean", "description": "Whether to allow use of the Python Limited API"}, {"name": "python.bytecompile", "value": 0, "section": "core", "machine": "any", "type": "integer", "description": "Whether to compile bytecode"}, {"name": "python.install_env", "value": "prefix", "section": "core", "machine": "any", "choices": ["auto", "prefix", "system", "venv"], "type": "combo", "description": "Which python environment to install to"}, {"name": "python.platlibdir", "value": "", "section": "core", "machine": "any", "type": "string", "description": "Directory for site-specific, platform-specific files."}, {"name": "python.purelibdir", "value": "", "section": "core", "machine": "any", "type": "string", "description": "Directory for site-specific, non-platform-specific files."}, {"name": "blake3:default_library", "value": "static", "section": "core", "machine": "any", "choices": ["shared", "static", "both"], "type": "combo", "description": "Default library type"}, {"name": "blake3:warning_level", "value": "1", "section": "core", "machine": "any", "choices": ["0", "1", "2", "3", "everything"], "type": "combo", "description": "Compiler warning level to use"}, {"name": "blake3:werror", "value": false, "section": "core", "machine": "any", "type": "boolean", "description": "Treat warnings as errors"}, {"name": "capstone-next:default_library", "value": "static", "section": "core", "machine": "any", "choices": ["shared", "static", "both"], "type": "combo", "description": "Default library type"}, {"name": "capstone-next:warning_level", "value": "1", "section": "core", "machine": "any", "choices": ["0", "1", "2", "3", "everything"], "type": "combo", "description": "Compiler warning level to use"}, {"name": "capstone-next:werror", "value": false, "section": "core", "machine": "any", "type": "boolean", "description": "Treat warnings as errors"}, {"name": "libdemangle:default_library", "value": "static", "section": "core", "machine": "any", "choices": ["shared", "static", "both"], "type": "combo", "description": "Default library type"}, {"name": "libdemangle:warning_level", "value": "1", "section": "core", "machine": "any", "choices": ["0", "1", "2", "3", "everything"], "type": "combo", "description": "Compiler warning level to use"}, {"name": "libdemangle:werror", "value": false, "section": "core", "machine": "any", "type": "boolean", "description": "Treat warnings as errors"}, {"name": "liblzma:default_library", "value": "static", "section": "core", "machine": "any", "choices": ["shared", "static", "both"], "type": "combo", "description": "Default library type"}, {"name": "liblzma:warning_level", "value": "1", "section": "core", "machine": "any", "choices": ["0", "1", "2", "3", "everything"], "type": "combo", "description": "Compiler warning level to use"}, {"name": "liblzma:werror", "value": false, "section": "core", "machine": "any", "type": "boolean", "description": "Treat warnings as errors"}, {"name": "libmspack:default_library", "value": "static", "section": "core", "machine": "any", "choices": ["shared", "static", "both"], "type": "combo", "description": "Default library type"}, {"name": "libmspack:warning_level", "value": "1", "section": "core", "machine": "any", "choices": ["0", "1", "2", "3", "everything"], "type": "combo", "description": "Compiler warning level to use"}, {"name": "libmspack:werror", "value": false, "section": "core", "machine": "any", "type": "boolean", "description": "Treat warnings as errors"}, {"name": "libzip:default_library", "value": "static", "section": "core", "machine": "any", "choices": ["shared", "static", "both"], "type": "combo", "description": "Default library type"}, {"name": "libzip:warning_level", "value": "1", "section": "core", "machine": "any", "choices": ["0", "1", "2", "3", "everything"], "type": "combo", "description": "Compiler warning level to use"}, {"name": "libzip:werror", "value": false, "section": "core", "machine": "any", "type": "boolean", "description": "Treat warnings as errors"}, {"name": "lz4:default_library", "value": "static", "section": "core", "machine": "any", "choices": ["shared", "static", "both"], "type": "combo", "description": "Default library type"}, {"name": "lz4:warning_level", "value": "1", "section": "core", "machine": "any", "choices": ["0", "1", "2", "3", "everything"], "type": "combo", "description": "Compiler warning level to use"}, {"name": "lz4:werror", "value": false, "section": "core", "machine": "any", "type": "boolean", "description": "Treat warnings as errors"}, {"name": "mpc:default_library", "value": "static", "section": "core", "machine": "any", "choices": ["shared", "static", "both"], "type": "combo", "description": "Default library type"}, {"name": "mpc:warning_level", "value": "1", "section": "core", "machine": "any", "choices": ["0", "1", "2", "3", "everything"], "type": "combo", "description": "Compiler warning level to use"}, {"name": "mpc:werror", "value": false, "section": "core", "machine": "any", "type": "boolean", "description": "Treat warnings as errors"}, {"name": "nettle:default_library", "value": "shared", "section": "core", "machine": "any", "choices": ["shared", "static", "both"], "type": "combo", "description": "Default library type"}, {"name": "nettle:warning_level", "value": "1", "section": "core", "machine": "any", "choices": ["0", "1", "2", "3", "everything"], "type": "combo", "description": "Compiler warning level to use"}, {"name": "nettle:werror", "value": false, "section": "core", "machine": "any", "type": "boolean", "description": "Treat warnings as errors"}, {"name": "pcre2:default_library", "value": "static", "section": "core", "machine": "any", "choices": ["shared", "static", "both"], "type": "combo", "description": "Default library type"}, {"name": "pcre2:warning_level", "value": "1", "section": "core", "machine": "any", "choices": ["0", "1", "2", "3", "everything"], "type": "combo", "description": "Compiler warning level to use"}, {"name": "pcre2:werror", "value": false, "section": "core", "machine": "any", "type": "boolean", "description": "Treat warnings as errors"}, {"name": "rizin-shell-parser:default_library", "value": "shared", "section": "core", "machine": "any", "choices": ["shared", "static", "both"], "type": "combo", "description": "Default library type"}, {"name": "rizin-shell-parser:warning_level", "value": "1", "section": "core", "machine": "any", "choices": ["0", "1", "2", "3", "everything"], "type": "combo", "description": "Compiler warning level to use"}, {"name": "rizin-shell-parser:werror", "value": false, "section": "core", "machine": "any", "type": "boolean", "description": "Treat warnings as errors"}, {"name": "rzar:default_library", "value": "shared", "section": "core", "machine": "any", "choices": ["shared", "static", "both"], "type": "combo", "description": "Default library type"}, {"name": "rzar:warning_level", "value": "1", "section": "core", "machine": "any", "choices": ["0", "1", "2", "3", "everything"], "type": "combo", "description": "Compiler warning level to use"}, {"name": "rzar:werror", "value": false, "section": "core", "machine": "any", "type": "boolean", "description": "Treat warnings as errors"}, {"name": "rzgdb:default_library", "value": "shared", "section": "core", "machine": "any", "choices": ["shared", "static", "both"], "type": "combo", "description": "Default library type"}, {"name": "rzgdb:warning_level", "value": "1", "section": "core", "machine": "any", "choices": ["0", "1", "2", "3", "everything"], "type": "combo", "description": "Compiler warning level to use"}, {"name": "rzgdb:werror", "value": false, "section": "core", "machine": "any", "type": "boolean", "description": "Treat warnings as errors"}, {"name": "rzheap:default_library", "value": "shared", "section": "core", "machine": "any", "choices": ["shared", "static", "both"], "type": "combo", "description": "Default library type"}, {"name": "rzheap:warning_level", "value": "1", "section": "core", "machine": "any", "choices": ["0", "1", "2", "3", "everything"], "type": "combo", "description": "Compiler warning level to use"}, {"name": "rzheap:werror", "value": false, "section": "core", "machine": "any", "type": "boolean", "description": "Treat warnings as errors"}, {"name": "rzqnx:default_library", "value": "shared", "section": "core", "machine": "any", "choices": ["shared", "static", "both"], "type": "combo", "description": "Default library type"}, {"name": "rzqnx:warning_level", "value": "1", "section": "core", "machine": "any", "choices": ["0", "1", "2", "3", "everything"], "type": "combo", "description": "Compiler warning level to use"}, {"name": "rzqnx:werror", "value": false, "section": "core", "machine": "any", "type": "boolean", "description": "Treat warnings as errors"}, {"name": "rzspp:default_library", "value": "shared", "section": "core", "machine": "any", "choices": ["shared", "static", "both"], "type": "combo", "description": "Default library type"}, {"name": "rzspp:warning_level", "value": "1", "section": "core", "machine": "any", "choices": ["0", "1", "2", "3", "everything"], "type": "combo", "description": "Compiler warning level to use"}, {"name": "rzspp:werror", "value": false, "section": "core", "machine": "any", "type": "boolean", "description": "Treat warnings as errors"}, {"name": "rzwinkd:default_library", "value": "shared", "section": "core", "machine": "any", "choices": ["shared", "static", "both"], "type": "combo", "description": "Default library type"}, {"name": "rzwinkd:warning_level", "value": "1", "section": "core", "machine": "any", "choices": ["0", "1", "2", "3", "everything"], "type": "combo", "description": "Compiler warning level to use"}, {"name": "rzwinkd:werror", "value": false, "section": "core", "machine": "any", "type": "boolean", "description": "Treat warnings as errors"}, {"name": "tree-sitter:default_library", "value": "static", "section": "core", "machine": "any", "choices": ["shared", "static", "both"], "type": "combo", "description": "Default library type"}, {"name": "tree-sitter:warning_level", "value": "1", "section": "core", "machine": "any", "choices": ["0", "1", "2", "3", "everything"], "type": "combo", "description": "Compiler warning level to use"}, {"name": "tree-sitter:werror", "value": false, "section": "core", "machine": "any", "type": "boolean", "description": "Treat warnings as errors"}, {"name": "tree-sitter-c:default_library", "value": "shared", "section": "core", "machine": "any", "choices": ["shared", "static", "both"], "type": "combo", "description": "Default library type"}, {"name": "tree-sitter-c:warning_level", "value": "1", "section": "core", "machine": "any", "choices": ["0", "1", "2", "3", "everything"], "type": "combo", "description": "Compiler warning level to use"}, {"name": "tree-sitter-c:werror", "value": false, "section": "core", "machine": "any", "type": "boolean", "description": "Treat warnings as errors"}, {"name": "xxhash:default_library", "value": "static", "section": "core", "machine": "any", "choices": ["shared", "static", "both"], "type": "combo", "description": "Default library type"}, {"name": "xxhash:warning_level", "value": "1", "section": "core", "machine": "any", "choices": ["0", "1", "2", "3", "everything"], "type": "combo", "description": "Compiler warning level to use"}, {"name": "xxhash:werror", "value": false, "section": "core", "machine": "any", "type": "boolean", "description": "Treat warnings as errors"}, {"name": "yxml:default_library", "value": "static", "section": "core", "machine": "any", "choices": ["shared", "static", "both"], "type": "combo", "description": "Default library type"}, {"name": "yxml:warning_level", "value": "1", "section": "core", "machine": "any", "choices": ["0", "1", "2", "3", "everything"], "type": "combo", "description": "Compiler warning level to use"}, {"name": "yxml:werror", "value": false, "section": "core", "machine": "any", "type": "boolean", "description": "Treat warnings as errors"}, {"name": "zlib:default_library", "value": "static", "section": "core", "machine": "any", "choices": ["shared", "static", "both"], "type": "combo", "description": "Default library type"}, {"name": "zlib:warning_level", "value": "1", "section": "core", "machine": "any", "choices": ["0", "1", "2", "3", "everything"], "type": "combo", "description": "Compiler warning level to use"}, {"name": "zlib:werror", "value": false, "section": "core", "machine": "any", "type": "boolean", "description": "Treat warnings as errors"}, {"name": "zstd:default_library", "value": "static", "section": "core", "machine": "any", "choices": ["shared", "static", "both"], "type": "combo", "description": "Default library type"}, {"name": "zstd:warning_level", "value": "1", "section": "core", "machine": "any", "choices": ["0", "1", "2", "3", "everything"], "type": "combo", "description": "Compiler warning level to use"}, {"name": "zstd:werror", "value": false, "section": "core", "machine": "any", "type": "boolean", "description": "Treat warnings as errors"}, {"name": "backend_max_links", "value": 0, "section": "backend", "machine": "any", "type": "integer", "description": "Maximum number of linker processes to run or 0 for no limit"}, {"name": "b_asneeded", "value": true, "section": "base", "machine": "any", "type": "boolean", "description": "Use -Wl,--as-needed when linking"}, {"name": "b_bitcode", "value": false, "section": "base", "machine": "any", "type": "boolean", "description": "Generate and embed bitcode (only macOS/iOS/tvOS)"}, {"name": "b_colorout", "value": "always", "section": "base", "machine": "any", "choices": ["auto", "always", "never"], "type": "combo", "description": "Use colored output"}, {"name": "b_coverage", "value": false, "section": "base", "machine": "any", "type": "boolean", "description": "Enable coverage tracking."}, {"name": "b_lto", "value": false, "section": "base", "machine": "any", "type": "boolean", "description": "Use link time optimization"}, {"name": "b_lto_mode", "value": "default", "section": "base", "machine": "any", "choices": ["default", "thin"], "type": "combo", "description": "Select between different LTO modes."}, {"name": "b_lto_threads", "value": 0, "section": "base", "machine": "any", "type": "integer", "description": "Use multiple threads for Link Time Optimization"}, {"name": "b_lundef", "value": true, "section": "base", "machine": "any", "type": "boolean", "description": "Use -Wl,--no-undefined when linking"}, {"name": "b_ndebug", "value": "false", "section": "base", "machine": "any", "choices": ["true", "false", "if-release"], "type": "combo", "description": "Disable asserts"}, {"name": "b_pch", "value": true, "section": "base", "machine": "any", "type": "boolean", "description": "Use precompiled headers"}, {"name": "b_pgo", "value": "off", "section": "base", "machine": "any", "choices": ["off", "generate", "use"], "type": "combo", "description": "Use profile guided optimization"}, {"name": "b_pie", "value": false, "section": "base", "machine": "any", "type": "boolean", "description": "Build executables as position independent"}, {"name": "b_sanitize", "value": "none", "section": "base", "machine": "any", "choices": ["none", "address", "thread", "undefined", "memory", "leak", "address,undefined"], "type": "combo", "description": "Code sanitizer to use"}, {"name": "b_staticpic", "value": true, "section": "base", "machine": "any", "type": "boolean", "description": "Build static libraries as position independent"}, {"name": "b_thinlto_cache", "value": false, "section": "base", "machine": "any", "type": "boolean", "description": "Use LLVM ThinLTO caching for faster incremental builds"}, {"name": "b_thinlto_cache_dir", "value": "", "section": "base", "machine": "any", "type": "string", "description": "Directory to store ThinLTO cache objects"}, {"name": "build.c_args", "value": [], "section": "compiler", "machine": "build", "type": "array", "description": "Extra arguments passed to the c compiler"}, {"name": "build.c_link_args", "value": [], "section": "compiler", "machine": "build", "type": "array", "description": "Extra arguments passed to the c linker"}, {"name": "build.c_std", "value": "none", "section": "compiler", "machine": "build", "choices": ["none", "c89", "c99", "c11", "c17", "c18", "c2x", "gnu89", "gnu99", "gnu11", "gnu17", "gnu18", "gnu2x"], "type": "combo", "description": "C language standard to use"}, {"name": "c_args", "value": [], "section": "compiler", "machine": "host", "type": "array", "description": "Extra arguments passed to the c compiler"}, {"name": "c_link_args", "value": [], "section": "compiler", "machine": "host", "type": "array", "description": "Extra arguments passed to the c linker"}, {"name": "c_std", "value": "none", "section": "compiler", "machine": "host", "choices": ["none", "c89", "c99", "c11", "c17", "c18", "c2x", "gnu89", "gnu99", "gnu11", "gnu17", "gnu18", "gnu2x"], "type": "combo", "description": "C language standard to use"}, {"name": "blake3:build.c_std", "value": "none", "section": "compiler", "machine": "build", "choices": ["none", "c89", "c99", "c11", "c17", "c18", "c2x", "gnu89", "gnu99", "gnu11", "gnu17", "gnu18", "gnu2x"], "type": "combo", "description": "C language standard to use"}, {"name": "blake3:c_std", "value": "none", "section": "compiler", "machine": "host", "choices": ["none", "c89", "c99", "c11", "c17", "c18", "c2x", "gnu89", "gnu99", "gnu11", "gnu17", "gnu18", "gnu2x"], "type": "combo", "description": "C language standard to use"}, {"name": "capstone-next:build.c_std", "value": "none", "section": "compiler", "machine": "build", "choices": ["none", "c89", "c99", "c11", "c17", "c18", "c2x", "gnu89", "gnu99", "gnu11", "gnu17", "gnu18", "gnu2x"], "type": "combo", "description": "C language standard to use"}, {"name": "capstone-next:c_std", "value": "none", "section": "compiler", "machine": "host", "choices": ["none", "c89", "c99", "c11", "c17", "c18", "c2x", "gnu89", "gnu99", "gnu11", "gnu17", "gnu18", "gnu2x"], "type": "combo", "description": "C language standard to use"}, {"name": "libdemangle:build.c_std", "value": "none", "section": "compiler", "machine": "build", "choices": ["none", "c89", "c99", "c11", "c17", "c18", "c2x", "gnu89", "gnu99", "gnu11", "gnu17", "gnu18", "gnu2x"], "type": "combo", "description": "C language standard to use"}, {"name": "libdemangle:c_std", "value": "none", "section": "compiler", "machine": "host", "choices": ["none", "c89", "c99", "c11", "c17", "c18", "c2x", "gnu89", "gnu99", "gnu11", "gnu17", "gnu18", "gnu2x"], "type": "combo", "description": "C language standard to use"}, {"name": "liblzma:build.c_std", "value": "none", "section": "compiler", "machine": "build", "choices": ["none", "c89", "c99", "c11", "c17", "c18", "c2x", "gnu89", "gnu99", "gnu11", "gnu17", "gnu18", "gnu2x"], "type": "combo", "description": "C language standard to use"}, {"name": "liblzma:c_std", "value": "none", "section": "compiler", "machine": "host", "choices": ["none", "c89", "c99", "c11", "c17", "c18", "c2x", "gnu89", "gnu99", "gnu11", "gnu17", "gnu18", "gnu2x"], "type": "combo", "description": "C language standard to use"}, {"name": "libmspack:build.c_std", "value": "none", "section": "compiler", "machine": "build", "choices": ["none", "c89", "c99", "c11", "c17", "c18", "c2x", "gnu89", "gnu99", "gnu11", "gnu17", "gnu18", "gnu2x"], "type": "combo", "description": "C language standard to use"}, {"name": "libmspack:c_std", "value": "none", "section": "compiler", "machine": "host", "choices": ["none", "c89", "c99", "c11", "c17", "c18", "c2x", "gnu89", "gnu99", "gnu11", "gnu17", "gnu18", "gnu2x"], "type": "combo", "description": "C language standard to use"}, {"name": "libzip:build.c_std", "value": "none", "section": "compiler", "machine": "build", "choices": ["none", "c89", "c99", "c11", "c17", "c18", "c2x", "gnu89", "gnu99", "gnu11", "gnu17", "gnu18", "gnu2x"], "type": "combo", "description": "C language standard to use"}, {"name": "libzip:c_std", "value": "none", "section": "compiler", "machine": "host", "choices": ["none", "c89", "c99", "c11", "c17", "c18", "c2x", "gnu89", "gnu99", "gnu11", "gnu17", "gnu18", "gnu2x"], "type": "combo", "description": "C language standard to use"}, {"name": "lz4:build.c_std", "value": "none", "section": "compiler", "machine": "build", "choices": ["none", "c89", "c99", "c11", "c17", "c18", "c2x", "gnu89", "gnu99", "gnu11", "gnu17", "gnu18", "gnu2x"], "type": "combo", "description": "C language standard to use"}, {"name": "lz4:c_std", "value": "none", "section": "compiler", "machine": "host", "choices": ["none", "c89", "c99", "c11", "c17", "c18", "c2x", "gnu89", "gnu99", "gnu11", "gnu17", "gnu18", "gnu2x"], "type": "combo", "description": "C language standard to use"}, {"name": "mpc:build.c_std", "value": "none", "section": "compiler", "machine": "build", "choices": ["none", "c89", "c99", "c11", "c17", "c18", "c2x", "gnu89", "gnu99", "gnu11", "gnu17", "gnu18", "gnu2x"], "type": "combo", "description": "C language standard to use"}, {"name": "mpc:c_std", "value": "none", "section": "compiler", "machine": "host", "choices": ["none", "c89", "c99", "c11", "c17", "c18", "c2x", "gnu89", "gnu99", "gnu11", "gnu17", "gnu18", "gnu2x"], "type": "combo", "description": "C language standard to use"}, {"name": "nettle:build.c_std", "value": "none", "section": "compiler", "machine": "build", "choices": ["none", "c89", "c99", "c11", "c17", "c18", "c2x", "gnu89", "gnu99", "gnu11", "gnu17", "gnu18", "gnu2x"], "type": "combo", "description": "C language standard to use"}, {"name": "nettle:c_std", "value": "none", "section": "compiler", "machine": "host", "choices": ["none", "c89", "c99", "c11", "c17", "c18", "c2x", "gnu89", "gnu99", "gnu11", "gnu17", "gnu18", "gnu2x"], "type": "combo", "description": "C language standard to use"}, {"name": "pcre2:build.c_std", "value": "none", "section": "compiler", "machine": "build", "choices": ["none", "c89", "c99", "c11", "c17", "c18", "c2x", "gnu89", "gnu99", "gnu11", "gnu17", "gnu18", "gnu2x"], "type": "combo", "description": "C language standard to use"}, {"name": "pcre2:c_std", "value": "none", "section": "compiler", "machine": "host", "choices": ["none", "c89", "c99", "c11", "c17", "c18", "c2x", "gnu89", "gnu99", "gnu11", "gnu17", "gnu18", "gnu2x"], "type": "combo", "description": "C language standard to use"}, {"name": "rizin-shell-parser:build.c_std", "value": "none", "section": "compiler", "machine": "build", "choices": ["none", "c89", "c99", "c11", "c17", "c18", "c2x", "gnu89", "gnu99", "gnu11", "gnu17", "gnu18", "gnu2x"], "type": "combo", "description": "C language standard to use"}, {"name": "rizin-shell-parser:c_std", "value": "none", "section": "compiler", "machine": "host", "choices": ["none", "c89", "c99", "c11", "c17", "c18", "c2x", "gnu89", "gnu99", "gnu11", "gnu17", "gnu18", "gnu2x"], "type": "combo", "description": "C language standard to use"}, {"name": "rzar:build.c_std", "value": "none", "section": "compiler", "machine": "build", "choices": ["none", "c89", "c99", "c11", "c17", "c18", "c2x", "gnu89", "gnu99", "gnu11", "gnu17", "gnu18", "gnu2x"], "type": "combo", "description": "C language standard to use"}, {"name": "rzar:c_std", "value": "none", "section": "compiler", "machine": "host", "choices": ["none", "c89", "c99", "c11", "c17", "c18", "c2x", "gnu89", "gnu99", "gnu11", "gnu17", "gnu18", "gnu2x"], "type": "combo", "description": "C language standard to use"}, {"name": "rzgdb:build.c_std", "value": "none", "section": "compiler", "machine": "build", "choices": ["none", "c89", "c99", "c11", "c17", "c18", "c2x", "gnu89", "gnu99", "gnu11", "gnu17", "gnu18", "gnu2x"], "type": "combo", "description": "C language standard to use"}, {"name": "rzgdb:c_std", "value": "none", "section": "compiler", "machine": "host", "choices": ["none", "c89", "c99", "c11", "c17", "c18", "c2x", "gnu89", "gnu99", "gnu11", "gnu17", "gnu18", "gnu2x"], "type": "combo", "description": "C language standard to use"}, {"name": "rzheap:build.c_std", "value": "none", "section": "compiler", "machine": "build", "choices": ["none", "c89", "c99", "c11", "c17", "c18", "c2x", "gnu89", "gnu99", "gnu11", "gnu17", "gnu18", "gnu2x"], "type": "combo", "description": "C language standard to use"}, {"name": "rzheap:c_std", "value": "none", "section": "compiler", "machine": "host", "choices": ["none", "c89", "c99", "c11", "c17", "c18", "c2x", "gnu89", "gnu99", "gnu11", "gnu17", "gnu18", "gnu2x"], "type": "combo", "description": "C language standard to use"}, {"name": "rzqnx:build.c_std", "value": "none", "section": "compiler", "machine": "build", "choices": ["none", "c89", "c99", "c11", "c17", "c18", "c2x", "gnu89", "gnu99", "gnu11", "gnu17", "gnu18", "gnu2x"], "type": "combo", "description": "C language standard to use"}, {"name": "rzqnx:c_std", "value": "none", "section": "compiler", "machine": "host", "choices": ["none", "c89", "c99", "c11", "c17", "c18", "c2x", "gnu89", "gnu99", "gnu11", "gnu17", "gnu18", "gnu2x"], "type": "combo", "description": "C language standard to use"}, {"name": "rzspp:build.c_std", "value": "none", "section": "compiler", "machine": "build", "choices": ["none", "c89", "c99", "c11", "c17", "c18", "c2x", "gnu89", "gnu99", "gnu11", "gnu17", "gnu18", "gnu2x"], "type": "combo", "description": "C language standard to use"}, {"name": "rzspp:c_std", "value": "none", "section": "compiler", "machine": "host", "choices": ["none", "c89", "c99", "c11", "c17", "c18", "c2x", "gnu89", "gnu99", "gnu11", "gnu17", "gnu18", "gnu2x"], "type": "combo", "description": "C language standard to use"}, {"name": "rzwinkd:build.c_std", "value": "none", "section": "compiler", "machine": "build", "choices": ["none", "c89", "c99", "c11", "c17", "c18", "c2x", "gnu89", "gnu99", "gnu11", "gnu17", "gnu18", "gnu2x"], "type": "combo", "description": "C language standard to use"}, {"name": "rzwinkd:c_std", "value": "none", "section": "compiler", "machine": "host", "choices": ["none", "c89", "c99", "c11", "c17", "c18", "c2x", "gnu89", "gnu99", "gnu11", "gnu17", "gnu18", "gnu2x"], "type": "combo", "description": "C language standard to use"}, {"name": "tree-sitter:build.c_std", "value": "none", "section": "compiler", "machine": "build", "choices": ["none", "c89", "c99", "c11", "c17", "c18", "c2x", "gnu89", "gnu99", "gnu11", "gnu17", "gnu18", "gnu2x"], "type": "combo", "description": "C language standard to use"}, {"name": "tree-sitter:c_std", "value": "none", "section": "compiler", "machine": "host", "choices": ["none", "c89", "c99", "c11", "c17", "c18", "c2x", "gnu89", "gnu99", "gnu11", "gnu17", "gnu18", "gnu2x"], "type": "combo", "description": "C language standard to use"}, {"name": "tree-sitter-c:build.c_std", "value": "none", "section": "compiler", "machine": "build", "choices": ["none", "c89", "c99", "c11", "c17", "c18", "c2x", "gnu89", "gnu99", "gnu11", "gnu17", "gnu18", "gnu2x"], "type": "combo", "description": "C language standard to use"}, {"name": "tree-sitter-c:c_std", "value": "none", "section": "compiler", "machine": "host", "choices": ["none", "c89", "c99", "c11", "c17", "c18", "c2x", "gnu89", "gnu99", "gnu11", "gnu17", "gnu18", "gnu2x"], "type": "combo", "description": "C language standard to use"}, {"name": "xxhash:build.c_std", "value": "none", "section": "compiler", "machine": "build", "choices": ["none", "c89", "c99", "c11", "c17", "c18", "c2x", "gnu89", "gnu99", "gnu11", "gnu17", "gnu18", "gnu2x"], "type": "combo", "description": "C language standard to use"}, {"name": "xxhash:c_std", "value": "none", "section": "compiler", "machine": "host", "choices": ["none", "c89", "c99", "c11", "c17", "c18", "c2x", "gnu89", "gnu99", "gnu11", "gnu17", "gnu18", "gnu2x"], "type": "combo", "description": "C language standard to use"}, {"name": "yxml:build.c_std", "value": "none", "section": "compiler", "machine": "build", "choices": ["none", "c89", "c99", "c11", "c17", "c18", "c2x", "gnu89", "gnu99", "gnu11", "gnu17", "gnu18", "gnu2x"], "type": "combo", "description": "C language standard to use"}, {"name": "yxml:c_std", "value": "none", "section": "compiler", "machine": "host", "choices": ["none", "c89", "c99", "c11", "c17", "c18", "c2x", "gnu89", "gnu99", "gnu11", "gnu17", "gnu18", "gnu2x"], "type": "combo", "description": "C language standard to use"}, {"name": "zlib:build.c_std", "value": "none", "section": "compiler", "machine": "build", "choices": ["none", "c89", "c99", "c11", "c17", "c18", "c2x", "gnu89", "gnu99", "gnu11", "gnu17", "gnu18", "gnu2x"], "type": "combo", "description": "C language standard to use"}, {"name": "zlib:c_std", "value": "none", "section": "compiler", "machine": "host", "choices": ["none", "c89", "c99", "c11", "c17", "c18", "c2x", "gnu89", "gnu99", "gnu11", "gnu17", "gnu18", "gnu2x"], "type": "combo", "description": "C language standard to use"}, {"name": "zstd:build.c_std", "value": "none", "section": "compiler", "machine": "build", "choices": ["none", "c89", "c99", "c11", "c17", "c18", "c2x", "gnu89", "gnu99", "gnu11", "gnu17", "gnu18", "gnu2x"], "type": "combo", "description": "C language standard to use"}, {"name": "zstd:c_std", "value": "none", "section": "compiler", "machine": "host", "choices": ["none", "c89", "c99", "c11", "c17", "c18", "c2x", "gnu89", "gnu99", "gnu11", "gnu17", "gnu18", "gnu2x"], "type": "combo", "description": "C language standard to use"}, {"name": "bindir", "value": "bin", "section": "directory", "machine": "any", "type": "string", "description": "Executable directory"}, {"name": "datadir", "value": "share", "section": "directory", "machine": "any", "type": "string", "description": "Data file directory"}, {"name": "includedir", "value": "include", "section": "directory", "machine": "any", "type": "string", "description": "Header file directory"}, {"name": "infodir", "value": "share/info", "section": "directory", "machine": "any", "type": "string", "description": "Info page directory"}, {"name": "libdir", "value": "lib", "section": "directory", "machine": "any", "type": "string", "description": "Library directory"}, {"name": "libexecdir", "value": "libexec", "section": "directory", "machine": "any", "type": "string", "description": "Library executable directory"}, {"name": "licensedir", "value": "", "section": "directory", "machine": "any", "type": "string", "description": "Licenses directory"}, {"name": "localedir", "value": "share/locale", "section": "directory", "machine": "any", "type": "string", "description": "Locale data directory"}, {"name": "localstatedir", "value": "var", "section": "directory", "machine": "any", "type": "string", "description": "Localstate data directory"}, {"name": "mandir", "value": "share/man", "section": "directory", "machine": "any", "type": "string", "description": "Manual page directory"}, {"name": "prefix", "value": "/Users/rohansagar/Documents/GitHub/ECE49595-OSS/build/Rizin-prefix", "section": "directory", "machine": "any", "type": "string", "description": "Installation prefix"}, {"name": "sbindir", "value": "sbin", "section": "directory", "machine": "any", "type": "string", "description": "System executable directory"}, {"name": "sharedstatedir", "value": "com", "section": "directory", "machine": "any", "type": "string", "description": "Architecture-independent data directory"}, {"name": "sysconfdir", "value": "etc", "section": "directory", "machine": "any", "type": "string", "description": "Sysconf data directory"}, {"name": "blob", "value": false, "section": "user", "machine": "any", "type": "boolean", "description": "Compile just one binary which dispatch to the right handlers based on the name used to call it"}, {"name": "checks_level", "value": 9999, "section": "user", "machine": "any", "type": "integer", "description": "Value between 0 and 3 to enable different level of assert (see RZ_CHECKS_LEVEL). By default its value depends on buildtype (2 on debug, 1 on release)."}, {"name": "cli", "value": "auto", "section": "user", "machine": "any", "choices": ["enabled", "disabled", "auto"], "type": "combo", "description": "Build CLI programs (\u201cauto\u201d means they will be built when not a subproject)"}, {"name": "debugger", "value": true, "section": "user", "machine": "any", "type": "boolean", "description": "debugger"}, {"name": "enable_rz_test", "value": true, "section": "user", "machine": "any", "type": "boolean", "description": "Build rz-test executable for regression testing"}, {"name": "enable_tests", "value": true, "section": "user", "machine": "any", "type": "boolean", "description": "Build unit tests in test/unit"}, {"name": "extra_prefix", "value": "", "section": "user", "machine": "any", "type": "string", "description": "Extra load path prefix (absolute path) for plugins, sdb, sigdb, etc."}, {"name": "install_sigdb", "value": false, "section": "user", "machine": "any", "type": "boolean", "description": "Downloads and installs rizin sigdb"}, {"name": "local", "value": "auto", "section": "user", "machine": "any", "choices": ["enabled", "disabled", "absolute", "auto"], "type": "combo", "description": "Adds support for local/side-by-side installation (sets rpath if needed). enabled uses rpaths relative to $ORIGIN, absolute uses absolute paths."}, {"name": "packager", "value": "", "section": "user", "machine": "any", "type": "string", "description": "Extra packager name"}, {"name": "packager_version", "value": "", "section": "user", "machine": "any", "type": "string", "description": "Extra packager version"}, {"name": "portable", "value": false, "section": "user", "machine": "any", "type": "boolean", "description": "Make rizin installation moveable, by using relative paths instead of absolute ones"}, {"name": "regenerate_cmds", "value": "auto", "section": "user", "machine": "any", "choices": ["enabled", "disabled", "auto"], "type": "combo", "description": "Regenerate the cmd_descs.[ch] files (requires PyYAML)"}, {"name": "rizin_bindings", "value": "", "section": "user", "machine": "any", "type": "string", "description": "Path where rizin bindings are expected to be found"}, {"name": "rizin_flags", "value": "", "section": "user", "machine": "any", "type": "string", "description": "Install path for flags tags"}, {"name": "rizin_fortunes", "value": "", "section": "user", "machine": "any", "type": "string", "description": "Install path for fortunes displayed when starting"}, {"name": "rizin_hud", "value": "", "section": "user", "machine": "any", "type": "string", "description": "Install path for hud file (V!/)"}, {"name": "rizin_plugins", "value": "", "section": "user", "machine": "any", "type": "string", "description": "Path where plugins are expected to be found"}, {"name": "rizin_sdb", "value": "", "section": "user", "machine": "any", "type": "string", "description": "Install path for all SDB files"}, {"name": "rizin_sigdb", "value": "", "section": "user", "machine": "any", "type": "string", "description": "Install path for sigdb files"}, {"name": "rizin_themes", "value": "", "section": "user", "machine": "any", "type": "string", "description": "Install path for themes (colors, etc.)"}, {"name": "rizin_wwwroot", "value": "", "section": "user", "machine": "any", "type": "string", "description": "Install path for www files"}, {"name": "static_runtime", "value": false, "section": "user", "machine": "any", "type": "boolean", "description": "Set to true when you want static libraries/dependencies and runtime in Rizin"}, {"name": "subprojects_check", "value": true, "section": "user", "machine": "any", "type": "boolean", "description": "Check if git subprojects are up-to-date. Might be useful to disable this when developing on a different subproject version"}, {"name": "use_capstone_version", "value": "next", "section": "user", "machine": "any", "choices": ["v4", "v5", "next"], "type": "combo", "description": "Specify which version of capstone to use"}, {"name": "use_gpl", "value": true, "section": "user", "machine": "any", "type": "boolean", "description": "Set to false when you want to disable gpl code"}, {"name": "use_lzma", "value": true, "section": "user", "machine": "any", "type": "boolean", "description": "If true, liblzma is used to provide extra features (e.g. .gnu_debugdata parser)"}, {"name": "use_swift_demangler", "value": true, "section": "user", "machine": "any", "type": "boolean", "description": "If false, disables the swift demangler"}, {"name": "use_sys_capstone", "value": "disabled", "section": "user", "machine": "any", "choices": ["enabled", "disabled", "auto"], "type": "combo", "description": "use_sys_capstone"}, {"name": "use_sys_libmspack", "value": "disabled", "section": "user", "machine": "any", "choices": ["enabled", "disabled", "auto"], "type": "combo", "description": "use_sys_libmspack"}, {"name": "use_sys_libzip", "value": "disabled", "section": "user", "machine": "any", "choices": ["enabled", "disabled", "auto"], "type": "combo", "description": "use_sys_libzip"}, {"name": "use_sys_libzip_openssl", "value": false, "section": "user", "machine": "any", "type": "boolean", "description": "Whether to use or not system openssl dependency to build libzip"}, {"name": "use_sys_libzstd", "value": "disabled", "section": "user", "machine": "any", "choices": ["enabled", "disabled", "auto"], "type": "combo", "description": "use_sys_libzstd"}, {"name": "use_sys_lz4", "value": "disabled", "section": "user", "machine": "any", "choices": ["enabled", "disabled", "auto"], "type": "combo", "description": "use_sys_lz4"}, {"name": "use_sys_lzma", "value": "disabled", "section": "user", "machine": "any", "choices": ["enabled", "disabled", "auto"], "type": "combo", "description": "use_sys_lzma"}, {"name": "use_sys_magic", "value": "disabled", "section": "user", "machine": "any", "choices": ["enabled", "disabled", "auto"], "type": "combo", "description": "use_sys_magic"}, {"name": "use_sys_openssl", "value": "disabled", "section": "user", "machine": "any", "choices": ["enabled", "disabled", "auto"], "type": "combo", "description": "use_sys_openssl"}, {"name": "use_sys_pcre2", "value": "disabled", "section": "user", "machine": "any", "choices": ["enabled", "disabled", "auto"], "type": "combo", "description": "use_sys_pcre2"}, {"name": "use_sys_tree_sitter", "value": "disabled", "section": "user", "machine": "any", "choices": ["enabled", "disabled", "auto"], "type": "combo", "description": "use_sys_tree_sitter"}, {"name": "use_sys_xxhash", "value": "disabled", "section": "user", "machine": "any", "choices": ["enabled", "disabled", "auto"], "type": "combo", "description": "use_sys_xxhash"}, {"name": "use_sys_zlib", "value": "disabled", "section": "user", "machine": "any", "choices": ["enabled", "disabled", "auto"], "type": "combo", "description": "use_sys_zlib"}, {"name": "use_zlib", "value": true, "section": "user", "machine": "any", "type": "boolean", "description": "If true, zlib is used to provide extra features (e.g. project compression/decompression, etc.)"}, {"name": "libdemangle:enable_cli", "value": false, "section": "user", "machine": "any", "type": "boolean", "description": "install a cli to demangle symbols."}, {"name": "libdemangle:enable_tests", "value": true, "section": "user", "machine": "any", "type": "boolean", "description": "Build unit tests in test/"}, {"name": "libdemangle:install_lib", "value": false, "section": "user", "machine": "any", "type": "boolean", "description": "install libdemangle in the specified prefix path."}, {"name": "libdemangle:use_gpl", "value": true, "section": "user", "machine": "any", "type": "boolean", "description": "Set to false when you want to disable gpl code"}, {"name": "libdemangle:use_swift_demangler", "value": true, "section": "user", "machine": "any", "type": "boolean", "description": "If false, disables the swift demangler"}, {"name": "liblzma:decoder_arm", "value": true, "section": "user", "machine": "any", "type": "boolean", "description": "decoder_arm"}, {"name": "liblzma:decoder_armthumb", "value": true, "section": "user", "machine": "any", "type": "boolean", "description": "decoder_armthumb"}, {"name": "liblzma:decoder_delta", "value": true, "section": "user", "machine": "any", "type": "boolean", "description": "decoder_delta"}, {"name": "liblzma:decoder_ia64", "value": true, "section": "user", "machine": "any", "type": "boolean", "description": "decoder_ia64"}, {"name": "liblzma:decoder_lz", "value": true, "section": "user", "machine": "any", "type": "boolean", "description": "decoder_lz"}, {"name": "liblzma:decoder_lzma1", "value": true, "section": "user", "machine": "any", "type": "boolean", "description": "decoder_lzma1"}, {"name": "liblzma:decoder_lzma2", "value": true, "section": "user", "machine": "any", "type": "boolean", "description": "decoder_lzma2"}, {"name": "liblzma:decoder_powerpc", "value": true, "section": "user", "machine": "any", "type": "boolean", "description": "decoder_powerpc"}, {"name": "liblzma:decoder_sparc", "value": true, "section": "user", "machine": "any", "type": "boolean", "description": "decoder_sparc"}, {"name": "liblzma:decoder_x86", "value": true, "section": "user", "machine": "any", "type": "boolean", "description": "decoder_x86"}, {"name": "liblzma:encoder_arm", "value": true, "section": "user", "machine": "any", "type": "boolean", "description": "encoder_arm"}, {"name": "liblzma:encoder_armthumb", "value": true, "section": "user", "machine": "any", "type": "boolean", "description": "encoder_armthumb"}, {"name": "liblzma:encoder_delta", "value": true, "section": "user", "machine": "any", "type": "boolean", "description": "encoder_delta"}, {"name": "liblzma:encoder_ia64", "value": true, "section": "user", "machine": "any", "type": "boolean", "description": "encoder_ia64"}, {"name": "liblzma:encoder_lz", "value": true, "section": "user", "machine": "any", "type": "boolean", "description": "encoder_lz"}, {"name": "liblzma:encoder_lzma1", "value": true, "section": "user", "machine": "any", "type": "boolean", "description": "encoder_lzma1"}, {"name": "liblzma:encoder_lzma2", "value": true, "section": "user", "machine": "any", "type": "boolean", "description": "encoder_lzma2"}, {"name": "liblzma:encoder_powerpc", "value": true, "section": "user", "machine": "any", "type": "boolean", "description": "encoder_powerpc"}, {"name": "liblzma:encoder_sparc", "value": true, "section": "user", "machine": "any", "type": "boolean", "description": "encoder_sparc"}, {"name": "liblzma:encoder_x86", "value": true, "section": "user", "machine": "any", "type": "boolean", "description": "encoder_x86"}, {"name": "liblzma:filter_delta", "value": true, "section": "user", "machine": "any", "type": "boolean", "description": "filter_delta"}, {"name": "liblzma:filter_lz", "value": true, "section": "user", "machine": "any", "type": "boolean", "description": "filter_lz"}, {"name": "liblzma:filter_lzma1", "value": true, "section": "user", "machine": "any", "type": "boolean", "description": "filter_lzma1"}, {"name": "liblzma:filter_simple", "value": true, "section": "user", "machine": "any", "type": "boolean", "description": "filter_simple"}, {"name": "libmspack:debug_prints", "value": false, "section": "user", "machine": "any", "type": "boolean", "description": "enables/disables debug printfs"}, {"name": "libzip:static_runtime", "value": false, "section": "user", "machine": "any", "type": "boolean", "description": "Set to true when you want static libraries/dependencies and runtime"}, {"name": "libzip:use_sys_openssl", "value": false, "section": "user", "machine": "any", "type": "boolean", "description": "Whether to use or not system openssl dependency to build libzip"}, {"name": "libzip:use_sys_zlib", "value": false, "section": "user", "machine": "any", "type": "boolean", "description": "When true it looks for system zlib dependency, otherwise it embeds one"}, {"name": "zstd:backtrace", "value": "disabled", "section": "user", "machine": "any", "choices": ["enabled", "disabled", "auto"], "type": "combo", "description": "Display a stack backtrace when execution generates a runtime exception"}, {"name": "zstd:bin_contrib", "value": false, "section": "user", "machine": "any", "type": "boolean", "description": "Enable contrib build"}, {"name": "zstd:bin_programs", "value": false, "section": "user", "machine": "any", "type": "boolean", "description": "Enable programs build"}, {"name": "zstd:bin_tests", "value": false, "section": "user", "machine": "any", "type": "boolean", "description": "Enable tests build"}, {"name": "zstd:debug_level", "value": 1, "section": "user", "machine": "any", "type": "integer", "description": "Enable run-time debug. See lib/common/debug.h"}, {"name": "zstd:legacy_level", "value": 5, "section": "user", "machine": "any", "type": "integer", "description": "Support any legacy format: 7 to 1 for v0.7+ to v0.1+"}, {"name": "zstd:lz4", "value": "auto", "section": "user", "machine": "any", "choices": ["enabled", "disabled", "auto"], "type": "combo", "description": "Enable lz4 support"}, {"name": "zstd:lzma", "value": "auto", "section": "user", "machine": "any", "choices": ["enabled", "disabled", "auto"], "type": "combo", "description": "Enable lzma support"}, {"name": "zstd:multi_thread", "value": "enabled", "section": "user", "machine": "any", "choices": ["enabled", "disabled", "auto"], "type": "combo", "description": "Enable multi-threading when pthread is detected"}, {"name": "zstd:static_runtime", "value": false, "section": "user", "machine": "any", "type": "boolean", "description": "Link to static run-time libraries on MSVC"}, {"name": "zstd:zlib", "value": "auto", "section": "user", "machine": "any", "choices": ["enabled", "disabled", "auto"], "type": "combo", "description": "Enable zlib support"}, {"name": "errorlogs", "value": true, "section": "test", "machine": "any", "type": "boolean", "description": "Whether to print the logs from failing tests"}, {"name": "stdsplit", "value": true, "section": "test", "machine": "any", "type": "boolean", "description": "Split stdout and stderr in test logs"}]