[{"name": "threads", "type": "system", "version": "unknown", "compile_args": [], "link_args": [], "include_directories": [], "sources": [], "extra_files": [], "dependencies": [], "depends": [], "meson_variables": ["it_th", "th"]}, {"name": "bzip2", "type": "cmake", "version": "1.0.6", "compile_args": ["-I/Library/Developer/CommandLineTools/SDKs/MacOSX10.15.sdk/usr/include"], "link_args": ["/Library/Developer/CommandLineTools/SDKs/MacOSX10.15.sdk/usr/lib/libbz2.tbd"], "include_directories": [], "sources": [], "extra_files": [], "dependencies": [], "depends": [], "meson_variables": []}, {"name": "dep4349491584", "type": "internal", "version": "next", "compile_args": [], "link_args": [], "include_directories": ["/Users/rohansagar/Documents/GitHub/ECE49595-OSS/rizin/subprojects/capstone-next/include", "/Users/rohansagar/Documents/GitHub/ECE49595-OSS/build/Rizin-Bundled-prefix/src/Rizin-Bundled-build/subprojects/capstone-next/include", "/Users/rohansagar/Documents/GitHub/ECE49595-OSS/rizin/subprojects/capstone-next/include/capstone", "/Users/rohansagar/Documents/GitHub/ECE49595-OSS/build/Rizin-Bundled-prefix/src/Rizin-Bundled-build/subprojects/capstone-next/include/capstone"], "sources": [], "extra_files": [], "dependencies": [], "depends": ["fe55e5d@@capstone@sta"], "meson_variables": ["capstone_dep"]}, {"name": "dep4350857232", "type": "internal", "version": "10.43", "compile_args": [], "link_args": [], "include_directories": ["/Users/rohansagar/Documents/GitHub/ECE49595-OSS/rizin/subprojects/pcre2-10.43/.", "/Users/rohansagar/Documents/GitHub/ECE49595-OSS/build/Rizin-Bundled-prefix/src/Rizin-Bundled-build/subprojects/pcre2-10.43/.", "/Users/rohansagar/Documents/GitHub/ECE49595-OSS/rizin/subprojects/pcre2-10.43/src/", "/Users/rohansagar/Documents/GitHub/ECE49595-OSS/build/Rizin-Bundled-prefix/src/Rizin-Bundled-build/subprojects/pcre2-10.43/src/"], "sources": [], "extra_files": [], "dependencies": [], "depends": ["a55cc7c@@pcre2@sta"], "meson_variables": ["pcre2_dep"]}, {"name": "dep4351410736", "type": "internal", "version": "0.10.1alpha", "compile_args": [], "link_args": [], "include_directories": ["/Users/rohansagar/Documents/GitHub/ECE49595-OSS/rizin/subprojects/libmspack/libmspack/mspack", "/Users/rohansagar/Documents/GitHub/ECE49595-OSS/build/Rizin-Bundled-prefix/src/Rizin-Bundled-build/subprojects/libmspack/libmspack/mspack", "/Users/rohansagar/Documents/GitHub/ECE49595-OSS/rizin/subprojects/libmspack/libmspack", "/Users/rohansagar/Documents/GitHub/ECE49595-OSS/build/Rizin-Bundled-prefix/src/Rizin-Bundled-build/subprojects/libmspack/libmspack"], "sources": [], "extra_files": [], "dependencies": [], "depends": ["acf7d2d@@libmspack@sta"], "meson_variables": ["libmspack_dep"]}, {"name": "dep4351493568", "type": "internal", "version": "0.6.5", "compile_args": [], "link_args": [], "include_directories": ["/Users/rohansagar/Documents/GitHub/ECE49595-OSS/rizin/subprojects/xxhash/.", "/Users/rohansagar/Documents/GitHub/ECE49595-OSS/build/Rizin-Bundled-prefix/src/Rizin-Bundled-build/subprojects/xxhash/."], "sources": [], "extra_files": [], "dependencies": [], "depends": ["733eb65@@xxhash@sta"], "meson_variables": ["xxhash_dep"]}, {"name": "dep4351686272", "type": "internal", "version": "undefined", "compile_args": [], "link_args": [], "include_directories": ["/Users/rohansagar/Documents/GitHub/ECE49595-OSS/rizin/subprojects/libdemangle/include", "/Users/rohansagar/Documents/GitHub/ECE49595-OSS/build/Rizin-Bundled-prefix/src/Rizin-Bundled-build/subprojects/libdemangle/include"], "sources": [], "extra_files": [], "dependencies": [], "depends": ["6910e98@@demangle@sta"], "meson_variables": ["libdemangle_dep"]}, {"name": "dep4352045232", "type": "internal", "version": "1.3.1", "compile_args": [], "link_args": [], "include_directories": ["/Users/rohansagar/Documents/GitHub/ECE49595-OSS/rizin/subprojects/blake3/c", "/Users/rohansagar/Documents/GitHub/ECE49595-OSS/build/Rizin-Bundled-prefix/src/Rizin-Bundled-build/subprojects/blake3/c"], "sources": [], "extra_files": [], "dependencies": [], "depends": ["d74fb91@@blake3@sta"], "meson_variables": ["blake3_dep"]}, {"name": "dep4352245840", "type": "internal", "version": "undefined", "compile_args": [], "link_args": [], "include_directories": ["/Users/rohansagar/Documents/GitHub/ECE49595-OSS/rizin/subprojects/tree-sitter-0.21.0/lib/src", "/Users/rohansagar/Documents/GitHub/ECE49595-OSS/build/Rizin-Bundled-prefix/src/Rizin-Bundled-build/subprojects/tree-sitter-0.21.0/lib/src", "/Users/rohansagar/Documents/GitHub/ECE49595-OSS/rizin/subprojects/tree-sitter-0.21.0/lib/include", "/Users/rohansagar/Documents/GitHub/ECE49595-OSS/build/Rizin-Bundled-prefix/src/Rizin-Bundled-build/subprojects/tree-sitter-0.21.0/lib/include"], "sources": [], "extra_files": [], "dependencies": [], "depends": ["dd8ec1c@@tree_sitter@sta"], "meson_variables": ["tree_sitter_dep"]}, {"name": "dl", "type": "library", "version": "unknown", "compile_args": [], "link_args": ["-ldl"], "include_directories": [], "sources": [], "extra_files": [], "dependencies": [], "depends": [], "meson_variables": ["it_ldl", "ldl"]}, {"name": "m", "type": "library", "version": "unknown", "compile_args": [], "link_args": ["-lm"], "include_directories": [], "sources": [], "extra_files": [], "dependencies": [], "depends": [], "meson_variables": ["it_mth", "mth"]}, {"name": "dep4352047968", "type": "internal", "version": "1.3", "compile_args": [], "link_args": [], "include_directories": ["/Users/rohansagar/Documents/GitHub/ECE49595-OSS/rizin/subprojects/zlib-1.3/.", "/Users/rohansagar/Documents/GitHub/ECE49595-OSS/build/Rizin-Bundled-prefix/src/Rizin-Bundled-build/subprojects/zlib-1.3/."], "sources": [], "extra_files": [], "dependencies": [], "depends": ["b78a773@@z@sta"], "meson_variables": ["zlib_dep"]}, {"name": "dep4352723856", "type": "internal", "version": "1.9.4", "compile_args": [], "link_args": [], "include_directories": ["/Users/rohansagar/Documents/GitHub/ECE49595-OSS/rizin/subprojects/lz4-1.9.4/lib", "/Users/rohansagar/Documents/GitHub/ECE49595-OSS/build/Rizin-Bundled-prefix/src/Rizin-Bundled-build/subprojects/lz4-1.9.4/lib"], "sources": [], "extra_files": [], "dependencies": [], "depends": ["fb694f0@@lz4@sta"], "meson_variables": ["lz4_dep"]}, {"name": "dep4353124656", "type": "internal", "version": "5.2.9", "compile_args": ["-DLZMA_API_STATIC"], "link_args": [], "include_directories": ["/Users/rohansagar/Documents/GitHub/ECE49595-OSS/rizin/subprojects/xz-5.2.9/src/liblzma/api", "/Users/rohansagar/Documents/GitHub/ECE49595-OSS/build/Rizin-Bundled-prefix/src/Rizin-Bundled-build/subprojects/xz-5.2.9/src/liblzma/api"], "sources": [], "extra_files": [], "dependencies": [], "depends": ["238d2d1@@lzma@sta"], "meson_variables": ["liblzma_dep"]}, {"name": "dep4354421536", "type": "internal", "version": "1.9.2", "compile_args": [], "link_args": [], "include_directories": ["/Users/rohansagar/Documents/GitHub/ECE49595-OSS/rizin/subprojects/libzip-1.9.2/lib", "/Users/rohansagar/Documents/GitHub/ECE49595-OSS/build/Rizin-Bundled-prefix/src/Rizin-Bundled-build/subprojects/libzip-1.9.2/lib", "/Users/rohansagar/Documents/GitHub/ECE49595-OSS/rizin/subprojects/libzip-1.9.2/.", "/Users/rohansagar/Documents/GitHub/ECE49595-OSS/build/Rizin-Bundled-prefix/src/Rizin-Bundled-build/subprojects/libzip-1.9.2/."], "sources": [], "extra_files": [], "dependencies": ["dep4352047968", "bzip2", "dep4353124656"], "depends": ["7ec8cf4@@libzip@sta"], "meson_variables": ["libzip_dep"]}, {"name": "dep4355466224", "type": "internal", "version": "1.5.5", "compile_args": [], "link_args": [], "include_directories": ["/Users/rohansagar/Documents/GitHub/ECE49595-OSS/rizin/subprojects/zstd-1.5.5/lib/../lib", "/Users/rohansagar/Documents/GitHub/ECE49595-OSS/build/Rizin-Bundled-prefix/src/Rizin-Bundled-build/subprojects/zstd-1.5.5/lib/../lib", "/Users/rohansagar/Documents/GitHub/ECE49595-OSS/rizin/subprojects/zstd-1.5.5/lib/../lib/common", "/Users/rohansagar/Documents/GitHub/ECE49595-OSS/build/Rizin-Bundled-prefix/src/Rizin-Bundled-build/subprojects/zstd-1.5.5/lib/../lib/common", "/Users/rohansagar/Documents/GitHub/ECE49595-OSS/rizin/subprojects/zstd-1.5.5/lib/../lib/compress", "/Users/rohansagar/Documents/GitHub/ECE49595-OSS/build/Rizin-Bundled-prefix/src/Rizin-Bundled-build/subprojects/zstd-1.5.5/lib/../lib/compress", "/Users/rohansagar/Documents/GitHub/ECE49595-OSS/rizin/subprojects/zstd-1.5.5/lib/../lib/decompress", "/Users/rohansagar/Documents/GitHub/ECE49595-OSS/build/Rizin-Bundled-prefix/src/Rizin-Bundled-build/subprojects/zstd-1.5.5/lib/../lib/decompress", "/Users/rohansagar/Documents/GitHub/ECE49595-OSS/rizin/subprojects/zstd-1.5.5/lib/../lib/dictBuilder", "/Users/rohansagar/Documents/GitHub/ECE49595-OSS/build/Rizin-Bundled-prefix/src/Rizin-Bundled-build/subprojects/zstd-1.5.5/lib/../lib/dictBuilder", "/Users/rohansagar/Documents/GitHub/ECE49595-OSS/rizin/subprojects/zstd-1.5.5/lib/../lib/legacy", "/Users/rohansagar/Documents/GitHub/ECE49595-OSS/build/Rizin-Bundled-prefix/src/Rizin-Bundled-build/subprojects/zstd-1.5.5/lib/../lib/legacy"], "sources": [], "extra_files": [], "dependencies": [], "depends": ["2b85b11@@zstd@sta"], "meson_variables": ["libzstd_dep"]}, {"name": "dep4354934448", "type": "internal", "version": "d59264ae27228176f5b731871df1a87d7abbb5c8", "compile_args": [], "link_args": [], "include_directories": ["/Users/rohansagar/Documents/GitHub/ECE49595-OSS/rizin/subprojects/mpc/.", "/Users/rohansagar/Documents/GitHub/ECE49595-OSS/build/Rizin-Bundled-prefix/src/Rizin-Bundled-build/subprojects/mpc/."], "sources": [], "extra_files": [], "dependencies": [], "depends": ["acdd53e@@mpc@sta"], "meson_variables": ["mpc_dep"]}, {"name": "dep4354940592", "type": "internal", "version": "66507906673bc6159d5d620414479954c9c21c24", "compile_args": [], "link_args": [], "include_directories": ["/Users/rohansagar/Documents/GitHub/ECE49595-OSS/rizin/subprojects/yxml/.", "/Users/rohansagar/Documents/GitHub/ECE49595-OSS/build/Rizin-Bundled-prefix/src/Rizin-Bundled-build/subprojects/yxml/."], "sources": [], "extra_files": [], "dependencies": [], "depends": ["04f48ee@@yxml@sta"], "meson_variables": ["yxml_dep"]}, {"name": "dep4348353648", "type": "internal", "version": "v0.8.0", "compile_args": [], "link_args": [], "include_directories": ["/Users/rohansagar/Documents/GitHub/ECE49595-OSS/rizin/.", "/Users/rohansagar/Documents/GitHub/ECE49595-OSS/build/Rizin-Bundled-prefix/src/Rizin-Bundled-build/.", "/Users/rohansagar/Documents/GitHub/ECE49595-OSS/rizin/librz", "/Users/rohansagar/Documents/GitHub/ECE49595-OSS/build/Rizin-Bundled-prefix/src/Rizin-Bundled-build/librz", "/Users/rohansagar/Documents/GitHub/ECE49595-OSS/rizin/librz/include", "/Users/rohansagar/Documents/GitHub/ECE49595-OSS/build/Rizin-Bundled-prefix/src/Rizin-Bundled-build/librz/include", "/Users/rohansagar/Documents/GitHub/ECE49595-OSS/rizin/librz/util/sdb/src", "/Users/rohansagar/Documents/GitHub/ECE49595-OSS/build/Rizin-Bundled-prefix/src/Rizin-Bundled-build/librz/util/sdb/src"], "sources": [], "extra_files": [], "dependencies": [], "depends": ["71c2cb7@@rz_util@sha"], "meson_variables": ["rz_util_dep", "rz_util_native_dep"]}, {"name": "dep4356132400", "type": "internal", "version": "v0.8.0", "compile_args": [], "link_args": [], "include_directories": ["/Users/rohansagar/Documents/GitHub/ECE49595-OSS/rizin/.", "/Users/rohansagar/Documents/GitHub/ECE49595-OSS/build/Rizin-Bundled-prefix/src/Rizin-Bundled-build/.", "/Users/rohansagar/Documents/GitHub/ECE49595-OSS/rizin/librz", "/Users/rohansagar/Documents/GitHub/ECE49595-OSS/build/Rizin-Bundled-prefix/src/Rizin-Bundled-build/librz", "/Users/rohansagar/Documents/GitHub/ECE49595-OSS/rizin/librz/include", "/Users/rohansagar/Documents/GitHub/ECE49595-OSS/build/Rizin-Bundled-prefix/src/Rizin-Bundled-build/librz/include"], "sources": [], "extra_files": [], "dependencies": [], "depends": ["a6b4f54@@rz_demangler@sha"], "meson_variables": ["rz_demangler_dep"]}, {"name": "dep4356140080", "type": "internal", "version": "v0.8.0", "compile_args": [], "link_args": [], "include_directories": ["/Users/rohansagar/Documents/GitHub/ECE49595-OSS/rizin/.", "/Users/rohansagar/Documents/GitHub/ECE49595-OSS/build/Rizin-Bundled-prefix/src/Rizin-Bundled-build/.", "/Users/rohansagar/Documents/GitHub/ECE49595-OSS/rizin/librz", "/Users/rohansagar/Documents/GitHub/ECE49595-OSS/build/Rizin-Bundled-prefix/src/Rizin-Bundled-build/librz", "/Users/rohansagar/Documents/GitHub/ECE49595-OSS/rizin/librz/include", "/Users/rohansagar/Documents/GitHub/ECE49595-OSS/build/Rizin-Bundled-prefix/src/Rizin-Bundled-build/librz/include"], "sources": [], "extra_files": [], "dependencies": ["dep4348353648"], "depends": ["c6c4184@@rz_socket@sha"], "meson_variables": ["rz_socket_dep"]}, {"name": "dep4355638384", "type": "internal", "version": "v0.8.0", "compile_args": [], "link_args": [], "include_directories": ["/Users/rohansagar/Documents/GitHub/ECE49595-OSS/rizin/.", "/Users/rohansagar/Documents/GitHub/ECE49595-OSS/build/Rizin-Bundled-prefix/src/Rizin-Bundled-build/.", "/Users/rohansagar/Documents/GitHub/ECE49595-OSS/rizin/librz", "/Users/rohansagar/Documents/GitHub/ECE49595-OSS/build/Rizin-Bundled-prefix/src/Rizin-Bundled-build/librz", "/Users/rohansagar/Documents/GitHub/ECE49595-OSS/rizin/librz/include", "/Users/rohansagar/Documents/GitHub/ECE49595-OSS/build/Rizin-Bundled-prefix/src/Rizin-Bundled-build/librz/include"], "sources": [], "extra_files": [], "dependencies": [], "depends": ["bad5c34@@rz_hash@sha"], "meson_variables": ["rz_hash_dep"]}, {"name": "dep4356818368", "type": "internal", "version": "3.7.3", "compile_args": [], "link_args": [], "include_directories": ["/Users/rohansagar/Documents/GitHub/ECE49595-OSS/rizin/subprojects/nettle/.", "/Users/rohansagar/Documents/GitHub/ECE49595-OSS/build/Rizin-Bundled-prefix/src/Rizin-Bundled-build/subprojects/nettle/."], "sources": [], "extra_files": [], "dependencies": [], "depends": ["9a762f7@@nettle-aes@sta"], "meson_variables": ["aes_dep"]}, {"name": "dep4356819808", "type": "internal", "version": "v0.8.0", "compile_args": [], "link_args": [], "include_directories": ["/Users/rohansagar/Documents/GitHub/ECE49595-OSS/rizin/.", "/Users/rohansagar/Documents/GitHub/ECE49595-OSS/build/Rizin-Bundled-prefix/src/Rizin-Bundled-build/.", "/Users/rohansagar/Documents/GitHub/ECE49595-OSS/rizin/librz", "/Users/rohansagar/Documents/GitHub/ECE49595-OSS/build/Rizin-Bundled-prefix/src/Rizin-Bundled-build/librz", "/Users/rohansagar/Documents/GitHub/ECE49595-OSS/rizin/librz/include", "/Users/rohansagar/Documents/GitHub/ECE49595-OSS/build/Rizin-Bundled-prefix/src/Rizin-Bundled-build/librz/include"], "sources": [], "extra_files": [], "dependencies": [], "depends": ["f5466b0@@rz_crypto@sha"], "meson_variables": ["rz_crypto_dep"]}, {"name": "dep4355585376", "type": "internal", "version": "v0.8.0", "compile_args": [], "link_args": [], "include_directories": ["/Users/rohansagar/Documents/GitHub/ECE49595-OSS/rizin/.", "/Users/rohansagar/Documents/GitHub/ECE49595-OSS/build/Rizin-Bundled-prefix/src/Rizin-Bundled-build/.", "/Users/rohansagar/Documents/GitHub/ECE49595-OSS/rizin/librz", "/Users/rohansagar/Documents/GitHub/ECE49595-OSS/build/Rizin-Bundled-prefix/src/Rizin-Bundled-build/librz", "/Users/rohansagar/Documents/GitHub/ECE49595-OSS/rizin/librz/include", "/Users/rohansagar/Documents/GitHub/ECE49595-OSS/build/Rizin-Bundled-prefix/src/Rizin-Bundled-build/librz/include"], "sources": [], "extra_files": [], "dependencies": [], "depends": ["084c606@@rz_cons@sha"], "meson_variables": ["rz_cons_dep"]}, {"name": "dep4355652112", "type": "internal", "version": "v0.8.0", "compile_args": [], "link_args": [], "include_directories": ["/Users/rohansagar/Documents/GitHub/ECE49595-OSS/rizin/.", "/Users/rohansagar/Documents/GitHub/ECE49595-OSS/build/Rizin-Bundled-prefix/src/Rizin-Bundled-build/.", "/Users/rohansagar/Documents/GitHub/ECE49595-OSS/rizin/librz", "/Users/rohansagar/Documents/GitHub/ECE49595-OSS/build/Rizin-Bundled-prefix/src/Rizin-Bundled-build/librz", "/Users/rohansagar/Documents/GitHub/ECE49595-OSS/rizin/librz/include", "/Users/rohansagar/Documents/GitHub/ECE49595-OSS/build/Rizin-Bundled-prefix/src/Rizin-Bundled-build/librz/include"], "sources": [], "extra_files": [], "dependencies": [], "depends": ["4e32f10@@rz_diff@sha"], "meson_variables": ["rz_diff_dep"]}, {"name": "dep4357430672", "type": "internal", "version": "v0.8.0", "compile_args": [], "link_args": [], "include_directories": ["/Users/rohansagar/Documents/GitHub/ECE49595-OSS/rizin/.", "/Users/rohansagar/Documents/GitHub/ECE49595-OSS/build/Rizin-Bundled-prefix/src/Rizin-Bundled-build/.", "/Users/rohansagar/Documents/GitHub/ECE49595-OSS/rizin/librz", "/Users/rohansagar/Documents/GitHub/ECE49595-OSS/build/Rizin-Bundled-prefix/src/Rizin-Bundled-build/librz", "/Users/rohansagar/Documents/GitHub/ECE49595-OSS/rizin/librz/include", "/Users/rohansagar/Documents/GitHub/ECE49595-OSS/build/Rizin-Bundled-prefix/src/Rizin-Bundled-build/librz/include"], "sources": [], "extra_files": [], "dependencies": [], "depends": ["85a87d1@@rz_io@sha"], "meson_variables": ["rz_io_dep"]}, {"name": "dep4356966400", "type": "internal", "version": "v0.8.0", "compile_args": [], "link_args": [], "include_directories": ["/Users/rohansagar/Documents/GitHub/ECE49595-OSS/rizin/.", "/Users/rohansagar/Documents/GitHub/ECE49595-OSS/build/Rizin-Bundled-prefix/src/Rizin-Bundled-build/.", "/Users/rohansagar/Documents/GitHub/ECE49595-OSS/rizin/librz", "/Users/rohansagar/Documents/GitHub/ECE49595-OSS/build/Rizin-Bundled-prefix/src/Rizin-Bundled-build/librz", "/Users/rohansagar/Documents/GitHub/ECE49595-OSS/rizin/librz/include", "/Users/rohansagar/Documents/GitHub/ECE49595-OSS/build/Rizin-Bundled-prefix/src/Rizin-Bundled-build/librz/include"], "sources": [], "extra_files": [], "dependencies": [], "depends": ["8070abd@@rz_bp@sha"], "meson_variables": ["rz_bp_dep"]}, {"name": "dep4356829600", "type": "internal", "version": "v0.8.0", "compile_args": [], "link_args": [], "include_directories": ["/Users/rohansagar/Documents/GitHub/ECE49595-OSS/rizin/.", "/Users/rohansagar/Documents/GitHub/ECE49595-OSS/build/Rizin-Bundled-prefix/src/Rizin-Bundled-build/.", "/Users/rohansagar/Documents/GitHub/ECE49595-OSS/rizin/librz", "/Users/rohansagar/Documents/GitHub/ECE49595-OSS/build/Rizin-Bundled-prefix/src/Rizin-Bundled-build/librz", "/Users/rohansagar/Documents/GitHub/ECE49595-OSS/rizin/librz/include", "/Users/rohansagar/Documents/GitHub/ECE49595-OSS/build/Rizin-Bundled-prefix/src/Rizin-Bundled-build/librz/include"], "sources": [], "extra_files": [], "dependencies": [], "depends": ["81736c0@@rz_syscall@sha"], "meson_variables": ["rz_syscall_dep"]}, {"name": "dep4355848336", "type": "internal", "version": "v0.8.0", "compile_args": [], "link_args": [], "include_directories": ["/Users/rohansagar/Documents/GitHub/ECE49595-OSS/rizin/.", "/Users/rohansagar/Documents/GitHub/ECE49595-OSS/build/Rizin-Bundled-prefix/src/Rizin-Bundled-build/.", "/Users/rohansagar/Documents/GitHub/ECE49595-OSS/rizin/librz", "/Users/rohansagar/Documents/GitHub/ECE49595-OSS/build/Rizin-Bundled-prefix/src/Rizin-Bundled-build/librz", "/Users/rohansagar/Documents/GitHub/ECE49595-OSS/rizin/librz/include", "/Users/rohansagar/Documents/GitHub/ECE49595-OSS/build/Rizin-Bundled-prefix/src/Rizin-Bundled-build/librz/include"], "sources": [], "extra_files": [], "dependencies": [], "depends": ["8813f45@@rz_search@sha"], "meson_variables": ["rz_search_dep"]}, {"name": "dep4355700208", "type": "internal", "version": "v0.8.0", "compile_args": [], "link_args": [], "include_directories": ["/Users/rohansagar/Documents/GitHub/ECE49595-OSS/rizin/.", "/Users/rohansagar/Documents/GitHub/ECE49595-OSS/build/Rizin-Bundled-prefix/src/Rizin-Bundled-build/.", "/Users/rohansagar/Documents/GitHub/ECE49595-OSS/rizin/librz", "/Users/rohansagar/Documents/GitHub/ECE49595-OSS/build/Rizin-Bundled-prefix/src/Rizin-Bundled-build/librz", "/Users/rohansagar/Documents/GitHub/ECE49595-OSS/rizin/librz/include", "/Users/rohansagar/Documents/GitHub/ECE49595-OSS/build/Rizin-Bundled-prefix/src/Rizin-Bundled-build/librz/include"], "sources": [], "extra_files": [], "dependencies": [], "depends": ["4e47b8d@@rz_magic@sha"], "meson_variables": ["rz_magic_dep"]}, {"name": "dep4356133936", "type": "internal", "version": "v0.8.0", "compile_args": [], "link_args": [], "include_directories": ["/Users/rohansagar/Documents/GitHub/ECE49595-OSS/rizin/.", "/Users/rohansagar/Documents/GitHub/ECE49595-OSS/build/Rizin-Bundled-prefix/src/Rizin-Bundled-build/.", "/Users/rohansagar/Documents/GitHub/ECE49595-OSS/rizin/librz", "/Users/rohansagar/Documents/GitHub/ECE49595-OSS/build/Rizin-Bundled-prefix/src/Rizin-Bundled-build/librz", "/Users/rohansagar/Documents/GitHub/ECE49595-OSS/rizin/librz/include", "/Users/rohansagar/Documents/GitHub/ECE49595-OSS/build/Rizin-Bundled-prefix/src/Rizin-Bundled-build/librz/include"], "sources": [], "extra_files": [], "dependencies": [], "depends": ["0879475@@rz_flag@sha"], "meson_variables": ["rz_flag_dep"]}, {"name": "dep4356133408", "type": "internal", "version": "v0.8.0", "compile_args": [], "link_args": [], "include_directories": ["/Users/rohansagar/Documents/GitHub/ECE49595-OSS/rizin/.", "/Users/rohansagar/Documents/GitHub/ECE49595-OSS/build/Rizin-Bundled-prefix/src/Rizin-Bundled-build/.", "/Users/rohansagar/Documents/GitHub/ECE49595-OSS/rizin/librz", "/Users/rohansagar/Documents/GitHub/ECE49595-OSS/build/Rizin-Bundled-prefix/src/Rizin-Bundled-build/librz", "/Users/rohansagar/Documents/GitHub/ECE49595-OSS/rizin/librz/include", "/Users/rohansagar/Documents/GitHub/ECE49595-OSS/build/Rizin-Bundled-prefix/src/Rizin-Bundled-build/librz/include"], "sources": [], "extra_files": [], "dependencies": [], "depends": ["536dbbe@@rz_reg@sha"], "meson_variables": ["rz_reg_dep"]}, {"name": "dep4352256784", "type": "internal", "version": "undefined", "compile_args": [], "link_args": [], "include_directories": ["/Users/rohansagar/Documents/GitHub/ECE49595-OSS/rizin/subprojects/tree-sitter-c/src/tree_sitter", "/Users/rohansagar/Documents/GitHub/ECE49595-OSS/build/Rizin-Bundled-prefix/src/Rizin-Bundled-build/subprojects/tree-sitter-c/src/tree_sitter"], "sources": [], "extra_files": [], "dependencies": ["dep4352245840"], "depends": ["fc48645@@tree-sitter-c@sta"], "meson_variables": ["tree_sitter_c_dep"]}, {"name": "dep4354100208", "type": "internal", "version": "v0.8.0", "compile_args": [], "link_args": [], "include_directories": ["/Users/rohansagar/Documents/GitHub/ECE49595-OSS/rizin/.", "/Users/rohansagar/Documents/GitHub/ECE49595-OSS/build/Rizin-Bundled-prefix/src/Rizin-Bundled-build/.", "/Users/rohansagar/Documents/GitHub/ECE49595-OSS/rizin/librz", "/Users/rohansagar/Documents/GitHub/ECE49595-OSS/build/Rizin-Bundled-prefix/src/Rizin-Bundled-build/librz", "/Users/rohansagar/Documents/GitHub/ECE49595-OSS/rizin/librz/include", "/Users/rohansagar/Documents/GitHub/ECE49595-OSS/build/Rizin-Bundled-prefix/src/Rizin-Bundled-build/librz/include", "/Users/rohansagar/Documents/GitHub/ECE49595-OSS/rizin/librz/type/parser", "/Users/rohansagar/Documents/GitHub/ECE49595-OSS/build/Rizin-Bundled-prefix/src/Rizin-Bundled-build/librz/type/parser"], "sources": [], "extra_files": [], "dependencies": [], "depends": ["ccb681b@@rz_type@sha"], "meson_variables": ["rz_type_dep"]}, {"name": "dep4357883472", "type": "internal", "version": "v0.8.0", "compile_args": [], "link_args": [], "include_directories": ["/Users/rohansagar/Documents/GitHub/ECE49595-OSS/rizin/.", "/Users/rohansagar/Documents/GitHub/ECE49595-OSS/build/Rizin-Bundled-prefix/src/Rizin-Bundled-build/.", "/Users/rohansagar/Documents/GitHub/ECE49595-OSS/rizin/librz", "/Users/rohansagar/Documents/GitHub/ECE49595-OSS/build/Rizin-Bundled-prefix/src/Rizin-Bundled-build/librz", "/Users/rohansagar/Documents/GitHub/ECE49595-OSS/rizin/librz/include", "/Users/rohansagar/Documents/GitHub/ECE49595-OSS/build/Rizin-Bundled-prefix/src/Rizin-Bundled-build/librz/include", "/Users/rohansagar/Documents/GitHub/ECE49595-OSS/rizin/librz/bin/format", "/Users/rohansagar/Documents/GitHub/ECE49595-OSS/build/Rizin-Bundled-prefix/src/Rizin-Bundled-build/librz/bin/format"], "sources": [], "extra_files": [], "dependencies": [], "depends": ["1bafac4@@rz_bin@sha"], "meson_variables": ["rz_bin_dep"]}, {"name": "dep4355469056", "type": "internal", "version": "v0.8.0", "compile_args": [], "link_args": [], "include_directories": ["/Users/rohansagar/Documents/GitHub/ECE49595-OSS/rizin/.", "/Users/rohansagar/Documents/GitHub/ECE49595-OSS/build/Rizin-Bundled-prefix/src/Rizin-Bundled-build/.", "/Users/rohansagar/Documents/GitHub/ECE49595-OSS/rizin/librz", "/Users/rohansagar/Documents/GitHub/ECE49595-OSS/build/Rizin-Bundled-prefix/src/Rizin-Bundled-build/librz", "/Users/rohansagar/Documents/GitHub/ECE49595-OSS/rizin/librz/include", "/Users/rohansagar/Documents/GitHub/ECE49595-OSS/build/Rizin-Bundled-prefix/src/Rizin-Bundled-build/librz/include"], "sources": [], "extra_files": [], "dependencies": [], "depends": ["c4e9994@@rz_config@sha"], "meson_variables": ["rz_config_dep"]}, {"name": "dep4356828544", "type": "internal", "version": "v0.8.0", "compile_args": [], "link_args": [], "include_directories": ["/Users/rohansagar/Documents/GitHub/ECE49595-OSS/rizin/.", "/Users/rohansagar/Documents/GitHub/ECE49595-OSS/build/Rizin-Bundled-prefix/src/Rizin-Bundled-build/.", "/Users/rohansagar/Documents/GitHub/ECE49595-OSS/rizin/librz", "/Users/rohansagar/Documents/GitHub/ECE49595-OSS/build/Rizin-Bundled-prefix/src/Rizin-Bundled-build/librz", "/Users/rohansagar/Documents/GitHub/ECE49595-OSS/rizin/librz/include", "/Users/rohansagar/Documents/GitHub/ECE49595-OSS/build/Rizin-Bundled-prefix/src/Rizin-Bundled-build/librz/include"], "sources": [], "extra_files": [], "dependencies": [], "depends": ["9223302@@rz_lang@sha"], "meson_variables": ["rz_lang_dep"]}, {"name": "dep4354189280", "type": "internal", "version": "v0.8.0", "compile_args": [], "link_args": [], "include_directories": ["/Users/rohansagar/Documents/GitHub/ECE49595-OSS/rizin/.", "/Users/rohansagar/Documents/GitHub/ECE49595-OSS/build/Rizin-Bundled-prefix/src/Rizin-Bundled-build/.", "/Users/rohansagar/Documents/GitHub/ECE49595-OSS/rizin/librz", "/Users/rohansagar/Documents/GitHub/ECE49595-OSS/build/Rizin-Bundled-prefix/src/Rizin-Bundled-build/librz", "/Users/rohansagar/Documents/GitHub/ECE49595-OSS/rizin/librz/include", "/Users/rohansagar/Documents/GitHub/ECE49595-OSS/build/Rizin-Bundled-prefix/src/Rizin-Bundled-build/librz/include"], "sources": [], "extra_files": [], "dependencies": [], "depends": ["b8cafdf@@rz_il@sha"], "meson_variables": ["rz_il_dep"]}, {"name": "dep4357959712", "type": "internal", "version": "v0.8.0", "compile_args": [], "link_args": [], "include_directories": ["/Users/rohansagar/Documents/GitHub/ECE49595-OSS/rizin/.", "/Users/rohansagar/Documents/GitHub/ECE49595-OSS/build/Rizin-Bundled-prefix/src/Rizin-Bundled-build/.", "/Users/rohansagar/Documents/GitHub/ECE49595-OSS/rizin/librz", "/Users/rohansagar/Documents/GitHub/ECE49595-OSS/build/Rizin-Bundled-prefix/src/Rizin-Bundled-build/librz", "/Users/rohansagar/Documents/GitHub/ECE49595-OSS/rizin/librz/include", "/Users/rohansagar/Documents/GitHub/ECE49595-OSS/build/Rizin-Bundled-prefix/src/Rizin-Bundled-build/librz/include", "/Users/rohansagar/Documents/GitHub/ECE49595-OSS/rizin/librz/arch/isa", "/Users/rohansagar/Documents/GitHub/ECE49595-OSS/build/Rizin-Bundled-prefix/src/Rizin-Bundled-build/librz/arch/isa", "/Users/rohansagar/Documents/GitHub/ECE49595-OSS/rizin/librz/arch/isa_gnu", "/Users/rohansagar/Documents/GitHub/ECE49595-OSS/build/Rizin-Bundled-prefix/src/Rizin-Bundled-build/librz/arch/isa_gnu", "/Users/rohansagar/Documents/GitHub/ECE49595-OSS/rizin/librz/arch/.", "/Users/rohansagar/Documents/GitHub/ECE49595-OSS/build/Rizin-Bundled-prefix/src/Rizin-Bundled-build/librz/arch/."], "sources": [], "extra_files": [], "dependencies": [], "depends": ["11089bf@@rz_arch@sha"], "meson_variables": ["rz_arch_dep"]}, {"name": "dep4356979984", "type": "internal", "version": "v0.8.0", "compile_args": [], "link_args": [], "include_directories": ["/Users/rohansagar/Documents/GitHub/ECE49595-OSS/rizin/.", "/Users/rohansagar/Documents/GitHub/ECE49595-OSS/build/Rizin-Bundled-prefix/src/Rizin-Bundled-build/.", "/Users/rohansagar/Documents/GitHub/ECE49595-OSS/rizin/librz", "/Users/rohansagar/Documents/GitHub/ECE49595-OSS/build/Rizin-Bundled-prefix/src/Rizin-Bundled-build/librz", "/Users/rohansagar/Documents/GitHub/ECE49595-OSS/rizin/librz/include", "/Users/rohansagar/Documents/GitHub/ECE49595-OSS/build/Rizin-Bundled-prefix/src/Rizin-Bundled-build/librz/include"], "sources": [], "extra_files": [], "dependencies": [], "depends": ["588ad88@@rz_sign@sha"], "meson_variables": ["rz_sign_dep"]}, {"name": "dep4356978928", "type": "internal", "version": "v0.8.0", "compile_args": [], "link_args": [], "include_directories": ["/Users/rohansagar/Documents/GitHub/ECE49595-OSS/rizin/.", "/Users/rohansagar/Documents/GitHub/ECE49595-OSS/build/Rizin-Bundled-prefix/src/Rizin-Bundled-build/.", "/Users/rohansagar/Documents/GitHub/ECE49595-OSS/rizin/librz", "/Users/rohansagar/Documents/GitHub/ECE49595-OSS/build/Rizin-Bundled-prefix/src/Rizin-Bundled-build/librz", "/Users/rohansagar/Documents/GitHub/ECE49595-OSS/rizin/librz/include", "/Users/rohansagar/Documents/GitHub/ECE49595-OSS/build/Rizin-Bundled-prefix/src/Rizin-Bundled-build/librz/include"], "sources": [], "extra_files": [], "dependencies": [], "depends": ["d8a070b@@rz_egg@sha"], "meson_variables": ["rz_egg_dep"]}, {"name": "dep4358919024", "type": "internal", "version": "v0.8.0", "compile_args": [], "link_args": [], "include_directories": ["/Users/rohansagar/Documents/GitHub/ECE49595-OSS/rizin/.", "/Users/rohansagar/Documents/GitHub/ECE49595-OSS/build/Rizin-Bundled-prefix/src/Rizin-Bundled-build/.", "/Users/rohansagar/Documents/GitHub/ECE49595-OSS/rizin/librz", "/Users/rohansagar/Documents/GitHub/ECE49595-OSS/build/Rizin-Bundled-prefix/src/Rizin-Bundled-build/librz", "/Users/rohansagar/Documents/GitHub/ECE49595-OSS/rizin/librz/include", "/Users/rohansagar/Documents/GitHub/ECE49595-OSS/build/Rizin-Bundled-prefix/src/Rizin-Bundled-build/librz/include", "/Users/rohansagar/Documents/GitHub/ECE49595-OSS/rizin/librz/debug/../bin/format/elf", "/Users/rohansagar/Documents/GitHub/ECE49595-OSS/build/Rizin-Bundled-prefix/src/Rizin-Bundled-build/librz/debug/../bin/format/elf", "/Users/rohansagar/Documents/GitHub/ECE49595-OSS/rizin/librz/debug/../bin/format/dmp", "/Users/rohansagar/Documents/GitHub/ECE49595-OSS/build/Rizin-Bundled-prefix/src/Rizin-Bundled-build/librz/debug/../bin/format/dmp", "/Users/rohansagar/Documents/GitHub/ECE49595-OSS/rizin/librz/debug/../bin/format/mdmp", "/Users/rohansagar/Documents/GitHub/ECE49595-OSS/build/Rizin-Bundled-prefix/src/Rizin-Bundled-build/librz/debug/../bin/format/mdmp", "/Users/rohansagar/Documents/GitHub/ECE49595-OSS/rizin/librz/debug/../bin/format/pe", "/Users/rohansagar/Documents/GitHub/ECE49595-OSS/build/Rizin-Bundled-prefix/src/Rizin-Bundled-build/librz/debug/../bin/format/pe"], "sources": [], "extra_files": [], "dependencies": [], "depends": ["d851938@@rz_debug@sha"], "meson_variables": ["rz_debug_dep"]}, {"name": "dep4359808032", "type": "internal", "version": "undefined", "compile_args": [], "link_args": [], "include_directories": ["/Users/rohansagar/Documents/GitHub/ECE49595-OSS/rizin/subprojects/rizin-shell-parser/src/tree_sitter", "/Users/rohansagar/Documents/GitHub/ECE49595-OSS/build/Rizin-Bundled-prefix/src/Rizin-Bundled-build/subprojects/rizin-shell-parser/src/tree_sitter"], "sources": [], "extra_files": [], "dependencies": ["dep4352245840"], "depends": ["838dcf0@@shell_parser@sta"], "meson_variables": ["shell_parser_dep"]}, {"name": "dep4354419040", "type": "internal", "version": "v0.8.0", "compile_args": [], "link_args": [], "include_directories": ["/Users/rohansagar/Documents/GitHub/ECE49595-OSS/rizin/.", "/Users/rohansagar/Documents/GitHub/ECE49595-OSS/build/Rizin-Bundled-prefix/src/Rizin-Bundled-build/.", "/Users/rohansagar/Documents/GitHub/ECE49595-OSS/rizin/librz", "/Users/rohansagar/Documents/GitHub/ECE49595-OSS/build/Rizin-Bundled-prefix/src/Rizin-Bundled-build/librz", "/Users/rohansagar/Documents/GitHub/ECE49595-OSS/rizin/librz/include", "/Users/rohansagar/Documents/GitHub/ECE49595-OSS/build/Rizin-Bundled-prefix/src/Rizin-Bundled-build/librz/include", "/Users/rohansagar/Documents/GitHub/ECE49595-OSS/rizin/librz/core/cmd_descs", "/Users/rohansagar/Documents/GitHub/ECE49595-OSS/build/Rizin-Bundled-prefix/src/Rizin-Bundled-build/librz/core/cmd_descs"], "sources": [], "extra_files": [], "dependencies": [], "depends": ["b95dd35@@rz_core@sha"], "meson_variables": ["rz_core_dep"]}, {"name": "dep4358029232", "type": "internal", "version": "v0.8.0", "compile_args": [], "link_args": [], "include_directories": ["/Users/rohansagar/Documents/GitHub/ECE49595-OSS/rizin/.", "/Users/rohansagar/Documents/GitHub/ECE49595-OSS/build/Rizin-Bundled-prefix/src/Rizin-Bundled-build/.", "/Users/rohansagar/Documents/GitHub/ECE49595-OSS/rizin/librz", "/Users/rohansagar/Documents/GitHub/ECE49595-OSS/build/Rizin-Bundled-prefix/src/Rizin-Bundled-build/librz", "/Users/rohansagar/Documents/GitHub/ECE49595-OSS/rizin/librz/include", "/Users/rohansagar/Documents/GitHub/ECE49595-OSS/build/Rizin-Bundled-prefix/src/Rizin-Bundled-build/librz/include"], "sources": [], "extra_files": [], "dependencies": ["dep4348353648", "dep4356132400", "dep4355700208", "dep4356140080", "dep4356133936", "dep4355585376", "dep4355638384", "dep4356819808", "dep4354189280", "dep4357430672", "dep4356133408", "dep4356966400", "dep4356829600", "dep4357959712", "dep4356978928", "dep4355848336", "dep4358919024", "dep4355469056", "dep4357883472", "dep4356979984", "dep4354419040", "dep4355652112"], "depends": ["5cf6403@@rz_main@sha"], "meson_variables": ["rz_main_dep"]}]