{"version": "v0.8.0", "descriptive_name": "rizin", "subproject_dir": "subprojects", "subprojects": [{"name": "capstone-next", "version": "next", "descriptive_name": "capstone"}, {"name": "pcre2", "version": "10.43", "descriptive_name": "pcre2"}, {"name": "libmspack", "version": "0.10.1alpha", "descriptive_name": "libmspack"}, {"name": "xxhash", "version": "0.6.5", "descriptive_name": "xxhash"}, {"name": "libdemangle", "version": "undefined", "descriptive_name": "libdemangle"}, {"name": "blake3", "version": "1.3.1", "descriptive_name": "blake3"}, {"name": "tree-sitter", "version": "undefined", "descriptive_name": "tree-sitter"}, {"name": "zlib", "version": "1.3", "descriptive_name": "zlib"}, {"name": "lz4", "version": "1.9.4", "descriptive_name": "lz4"}, {"name": "liblzma", "version": "5.2.9", "descriptive_name": "liblzma"}, {"name": "libzip", "version": "1.9.2", "descriptive_name": "libzip"}, {"name": "zstd", "version": "1.5.5", "descriptive_name": "zstd"}, {"name": "mpc", "version": "d59264ae27228176f5b731871df1a87d7abbb5c8", "descriptive_name": "mpc"}, {"name": "yxml", "version": "66507906673bc6159d5d620414479954c9c21c24", "descriptive_name": "yxml"}, {"name": "nettle", "version": "3.7.3", "descriptive_name": "nettle"}, {"name": "rzgdb", "version": "undefined", "descriptive_name": "rzw32dbg_wrap"}, {"name": "rzwinkd", "version": "undefined", "descriptive_name": "rzwinkd"}, {"name": "rzar", "version": "undefined", "descriptive_name": "rzar"}, {"name": "rzqnx", "version": "undefined", "descriptive_name": "rzqnx"}, {"name": "tree-sitter-c", "version": "undefined", "descriptive_name": "tree-sitter-c"}, {"name": "rzspp", "version": "undefined", "descriptive_name": "rzspp"}, {"name": "rizin-shell-parser", "version": "undefined", "descriptive_name": "rizin-shell-parser"}, {"name": "rzheap", "version": "undefined", "descriptive_name": "rzheap"}]}