{
	"BUILD_DIR" : "/Users/rohansagar/Documents/GitHub/ECE49595-OSS/build/src/Cutter_autogen",
	"CMAKE_BINARY_DIR" : "/Users/rohansagar/Documents/GitHub/ECE49595-OSS/build",
	"CMAKE_CURRENT_BINARY_DIR" : "/Users/rohansagar/Documents/GitHub/ECE49595-OSS/build/src",
	"CMAKE_CURRENT_SOURCE_DIR" : "/Users/rohansagar/Documents/GitHub/ECE49595-OSS/src",
	"CMAKE_SOURCE_DIR" : "/Users/rohansagar/Documents/GitHub/ECE49595-OSS",
	"GENERATOR" : "Unix Makefiles",
	"INCLUDE_DIR" : "/Users/rohansagar/Documents/GitHub/ECE49595-OSS/build/src/Cutter_autogen/include",
	"INPUTS" : 
	[
		"/Users/rohansagar/Documents/GitHub/ECE49595-OSS/src/themes/midnight/rc/Vsepartoolbar.png",
		"/Users/rohansagar/Documents/GitHub/ECE49595-OSS/src/themes/midnight/rc/close-pressed.png",
		"/Users/rohansagar/Documents/GitHub/ECE49595-OSS/src/themes/midnight/rc/Hmovetoolbar.png",
		"/Users/rohansagar/Documents/GitHub/ECE49595-OSS/src/themes/midnight/rc/up_arrow.png",
		"/Users/rohansagar/Documents/GitHub/ECE49595-OSS/src/themes/midnight/rc/left_arrow_disabled.png",
		"/Users/rohansagar/Documents/GitHub/ECE49595-OSS/src/themes/midnight/rc/close-hover.png",
		"/Users/rohansagar/Documents/GitHub/ECE49595-OSS/src/themes/midnight/rc/checkbox_unchecked.png",
		"/Users/rohansagar/Documents/GitHub/ECE49595-OSS/src/themes/midnight/rc/radio_unchecked_disabled.png",
		"/Users/rohansagar/Documents/GitHub/ECE49595-OSS/src/themes/midnight/rc/radio_checked.png",
		"/Users/rohansagar/Documents/GitHub/ECE49595-OSS/src/themes/midnight/rc/checkbox_checked_disabled.png",
		"/Users/rohansagar/Documents/GitHub/ECE49595-OSS/src/themes/midnight/rc/Hsepartoolbar.png",
		"/Users/rohansagar/Documents/GitHub/ECE49595-OSS/src/themes/midnight/rc/sizegrip.png",
		"/Users/rohansagar/Documents/GitHub/ECE49595-OSS/src/themes/midnight/rc/down_arrow.png",
		"/Users/rohansagar/Documents/GitHub/ECE49595-OSS/src/themes/midnight/rc/stylesheet-branch-more.png",
		"/Users/rohansagar/Documents/GitHub/ECE49595-OSS/src/themes/midnight/rc/radio_unchecked.png",
		"/Users/rohansagar/Documents/GitHub/ECE49595-OSS/src/themes/midnight/rc/branch_closed-on.png",
		"/Users/rohansagar/Documents/GitHub/ECE49595-OSS/src/themes/midnight/rc/checkbox_unchecked_disabled.png",
		"/Users/rohansagar/Documents/GitHub/ECE49595-OSS/src/themes/midnight/rc/branch_open.png",
		"/Users/rohansagar/Documents/GitHub/ECE49595-OSS/src/themes/midnight/rc/left_arrow.png",
		"/Users/rohansagar/Documents/GitHub/ECE49595-OSS/src/themes/midnight/rc/stylesheet-branch-end.png",
		"/Users/rohansagar/Documents/GitHub/ECE49595-OSS/src/themes/midnight/rc/undock.png",
		"/Users/rohansagar/Documents/GitHub/ECE49595-OSS/src/themes/midnight/rc/right_arrow.png",
		"/Users/rohansagar/Documents/GitHub/ECE49595-OSS/src/themes/midnight/rc/checkbox_indeterminate.png",
		"/Users/rohansagar/Documents/GitHub/ECE49595-OSS/src/themes/midnight/rc/checkbox_checked_focus.png",
		"/Users/rohansagar/Documents/GitHub/ECE49595-OSS/src/themes/midnight/rc/stylesheet-vline.png",
		"/Users/rohansagar/Documents/GitHub/ECE49595-OSS/src/themes/midnight/rc/radio_checked_focus.png",
		"/Users/rohansagar/Documents/GitHub/ECE49595-OSS/src/themes/midnight/rc/branch_closed.png",
		"/Users/rohansagar/Documents/GitHub/ECE49595-OSS/src/themes/midnight/rc/right_arrow_disabled.png",
		"/Users/rohansagar/Documents/GitHub/ECE49595-OSS/src/themes/midnight/rc/down_arrow_disabled.png",
		"/Users/rohansagar/Documents/GitHub/ECE49595-OSS/src/themes/midnight/rc/branch_open-on.png",
		"/Users/rohansagar/Documents/GitHub/ECE49595-OSS/src/themes/midnight/rc/radio_unchecked_focus.png",
		"/Users/rohansagar/Documents/GitHub/ECE49595-OSS/src/themes/midnight/rc/Vmovetoolbar.png",
		"/Users/rohansagar/Documents/GitHub/ECE49595-OSS/src/themes/midnight/rc/transparent.png",
		"/Users/rohansagar/Documents/GitHub/ECE49595-OSS/src/themes/midnight/rc/close.png",
		"/Users/rohansagar/Documents/GitHub/ECE49595-OSS/src/themes/midnight/rc/radio_checked_disabled.png",
		"/Users/rohansagar/Documents/GitHub/ECE49595-OSS/src/themes/midnight/rc/checkbox_checked.png",
		"/Users/rohansagar/Documents/GitHub/ECE49595-OSS/src/themes/midnight/rc/up_arrow_disabled.png",
		"/Users/rohansagar/Documents/GitHub/ECE49595-OSS/src/themes/midnight/rc/checkbox_indeterminate_focus.png",
		"/Users/rohansagar/Documents/GitHub/ECE49595-OSS/src/themes/midnight/rc/checkbox_unchecked_focus.png",
		"/Users/rohansagar/Documents/GitHub/ECE49595-OSS/src/themes/midnight/style.css"
	],
	"LOCK_FILE" : "/Users/rohansagar/Documents/GitHub/ECE49595-OSS/build/src/CMakeFiles/Cutter_autogen.dir/AutoRcc_midnight_4ACJYSGXQP_Lock.lock",
	"MULTI_CONFIG" : false,
	"OPTIONS" : [ "-name", "midnight" ],
	"OUTPUT_CHECKSUM" : "4ACJYSGXQP",
	"OUTPUT_NAME" : "qrc_midnight.cpp",
	"RCC_EXECUTABLE" : "/Users/rohansagar/miniconda3/bin/rcc",
	"RCC_LIST_OPTIONS" : [ "--list" ],
	"SETTINGS_FILE" : "/Users/rohansagar/Documents/GitHub/ECE49595-OSS/build/src/CMakeFiles/Cutter_autogen.dir/AutoRcc_midnight_4ACJYSGXQP_Used.txt",
	"SOURCE" : "/Users/rohansagar/Documents/GitHub/ECE49595-OSS/src/themes/midnight/midnight.qrc",
	"VERBOSITY" : 0
}
