{
	"BUILD_DIR" : "/Users/rohansagar/Documents/GitHub/ECE49595-OSS/build/src/Cutter_autogen",
	"CMAKE_BINARY_DIR" : "/Users/rohansagar/Documents/GitHub/ECE49595-OSS/build",
	"CMAKE_CURRENT_BINARY_DIR" : "/Users/rohansagar/Documents/GitHub/ECE49595-OSS/build/src",
	"CMAKE_CURRENT_SOURCE_DIR" : "/Users/rohansagar/Documents/GitHub/ECE49595-OSS/src",
	"CMAKE_SOURCE_DIR" : "/Users/rohansagar/Documents/GitHub/ECE49595-OSS",
	"GENERATOR" : "Unix Makefiles",
	"INCLUDE_DIR" : "/Users/rohansagar/Documents/GitHub/ECE49595-OSS/build/src/Cutter_autogen/include",
	"INPUTS" : 
	[
		"/Users/rohansagar/Documents/GitHub/ECE49595-OSS/src/themes/native/macos-close-dark.svg",
		"/Users/rohansagar/Documents/GitHub/ECE49595-OSS/src/themes/native/native.qss",
		"/Users/rohansagar/Documents/GitHub/ECE49595-OSS/src/themes/native/native-macos-dark.qss",
		"/Users/rohansagar/Documents/GitHub/ECE49595-OSS/src/themes/native/macos-float-dark.svg",
		"/Users/rohansagar/Documents/GitHub/ECE49595-OSS/src/themes/native/macos-close-light.svg",
		"/Users/rohansagar/Documents/GitHub/ECE49595-OSS/src/themes/native/macos-float-light.svg",
		"/Users/rohansagar/Documents/GitHub/ECE49595-OSS/src/themes/native/native-macos-light.qss"
	],
	"LOCK_FILE" : "/Users/rohansagar/Documents/GitHub/ECE49595-OSS/build/src/CMakeFiles/Cutter_autogen.dir/AutoRcc_native_2XZV5IYNBF_Lock.lock",
	"MULTI_CONFIG" : false,
	"OPTIONS" : [ "-name", "native" ],
	"OUTPUT_CHECKSUM" : "2XZV5IYNBF",
	"OUTPUT_NAME" : "qrc_native.cpp",
	"RCC_EXECUTABLE" : "/Users/rohansagar/miniconda3/bin/rcc",
	"RCC_LIST_OPTIONS" : [ "--list" ],
	"SETTINGS_FILE" : "/Users/rohansagar/Documents/GitHub/ECE49595-OSS/build/src/CMakeFiles/Cutter_autogen.dir/AutoRcc_native_2XZV5IYNBF_Used.txt",
	"SOURCE" : "/Users/rohansagar/Documents/GitHub/ECE49595-OSS/src/themes/native/native.qrc",
	"VERBOSITY" : 0
}
