{
	"BUILD_DIR" : "/Users/rohansagar/Documents/GitHub/ECE49595-OSS/build/src/Cutter_autogen",
	"CMAKE_BINARY_DIR" : "/Users/rohansagar/Documents/GitHub/ECE49595-OSS/build",
	"CMAKE_CURRENT_BINARY_DIR" : "/Users/rohansagar/Documents/GitHub/ECE49595-OSS/build/src",
	"CMAKE_CURRENT_SOURCE_DIR" : "/Users/rohansagar/Documents/GitHub/ECE49595-OSS/src",
	"CMAKE_SOURCE_DIR" : "/Users/rohansagar/Documents/GitHub/ECE49595-OSS",
	"GENERATOR" : "Unix Makefiles",
	"INCLUDE_DIR" : "/Users/rohansagar/Documents/GitHub/ECE49595-OSS/build/src/Cutter_autogen/include",
	"INPUTS" : 
	[
		"/Users/rohansagar/Documents/GitHub/ECE49595-OSS/src/img/icons/lock.svg",
		"/Users/rohansagar/Documents/GitHub/ECE49595-OSS/src/img/icons/unlock.svg",
		"/Users/rohansagar/Documents/GitHub/ECE49595-OSS/src/img/cutter_plain.svg",
		"/Users/rohansagar/Documents/GitHub/ECE49595-OSS/src/img/cutter_white_plain.svg",
		"/Users/rohansagar/Documents/GitHub/ECE49595-OSS/src/img/cutter.svg",
		"/Users/rohansagar/Documents/GitHub/ECE49595-OSS/src/img/cutter_macos_simple.svg",
		"/Users/rohansagar/Documents/GitHub/ECE49595-OSS/src/img/icons/reverse_step.svg",
		"/Users/rohansagar/Documents/GitHub/ECE49595-OSS/src/img/icons/detach_debugger.svg",
		"/Users/rohansagar/Documents/GitHub/ECE49595-OSS/src/img/icons/function_import_light.svg",
		"/Users/rohansagar/Documents/GitHub/ECE49595-OSS/src/img/icons/eye.svg",
		"/Users/rohansagar/Documents/GitHub/ECE49595-OSS/src/img/icons/function_light.svg",
		"/Users/rohansagar/Documents/GitHub/ECE49595-OSS/src/img/icons/trash_bin.svg",
		"/Users/rohansagar/Documents/GitHub/ECE49595-OSS/src/img/icons/function_entry_light.svg",
		"/Users/rohansagar/Documents/GitHub/ECE49595-OSS/src/img/icons/function_main_dark.svg",
		"/Users/rohansagar/Documents/GitHub/ECE49595-OSS/src/img/icons/play.svg",
		"/Users/rohansagar/Documents/GitHub/ECE49595-OSS/src/img/icons/trash_light.svg",
		"/Users/rohansagar/Documents/GitHub/ECE49595-OSS/src/img/icons/fork.svg",
		"/Users/rohansagar/Documents/GitHub/ECE49595-OSS/src/img/icons/start_trace.svg",
		"/Users/rohansagar/Documents/GitHub/ECE49595-OSS/src/img/icons/home.svg",
		"/Users/rohansagar/Documents/GitHub/ECE49595-OSS/src/img/icons/continue_until_main.svg",
		"/Users/rohansagar/Documents/GitHub/ECE49595-OSS/src/img/icons/function_main_light.svg",
		"/Users/rohansagar/Documents/GitHub/ECE49595-OSS/src/img/icons/plus.svg",
		"/Users/rohansagar/Documents/GitHub/ECE49595-OSS/src/img/icons/redo.svg",
		"/Users/rohansagar/Documents/GitHub/ECE49595-OSS/src/img/icons/function_dark.svg",
		"/Users/rohansagar/Documents/GitHub/ECE49595-OSS/src/img/icons/new_light.svg",
		"/Users/rohansagar/Documents/GitHub/ECE49595-OSS/src/img/icons/unlock_white.svg",
		"/Users/rohansagar/Documents/GitHub/ECE49595-OSS/src/img/icons/previous.svg",
		"/Users/rohansagar/Documents/GitHub/ECE49595-OSS/src/img/icons/media-stop_light.svg",
		"/Users/rohansagar/Documents/GitHub/ECE49595-OSS/src/img/icons/equalizer.svg",
		"/Users/rohansagar/Documents/GitHub/ECE49595-OSS/src/img/icons/function_export_light.svg",
		"/Users/rohansagar/Documents/GitHub/ECE49595-OSS/src/img/icons/play_light_remote.svg",
		"/Users/rohansagar/Documents/GitHub/ECE49595-OSS/src/img/icons/up_white.svg",
		"/Users/rohansagar/Documents/GitHub/ECE49595-OSS/src/img/icons/bug.svg",
		"/Users/rohansagar/Documents/GitHub/ECE49595-OSS/src/img/icons/load_light.svg",
		"/Users/rohansagar/Documents/GitHub/ECE49595-OSS/src/img/icons/transfer.svg",
		"/Users/rohansagar/Documents/GitHub/ECE49595-OSS/src/img/icons/function_tlscb_dark.svg",
		"/Users/rohansagar/Documents/GitHub/ECE49595-OSS/src/img/icons/arrow_right.svg",
		"/Users/rohansagar/Documents/GitHub/ECE49595-OSS/src/img/icons/download_black.svg",
		"/Users/rohansagar/Documents/GitHub/ECE49595-OSS/src/img/icons/tabs.svg",
		"/Users/rohansagar/Documents/GitHub/ECE49595-OSS/src/img/icons/initialization.svg",
		"/Users/rohansagar/Documents/GitHub/ECE49595-OSS/src/img/icons/transfer_white.svg",
		"/Users/rohansagar/Documents/GitHub/ECE49595-OSS/src/img/icons/function_tlscb_light.svg",
		"/Users/rohansagar/Documents/GitHub/ECE49595-OSS/src/img/icons/cog_white.svg",
		"/Users/rohansagar/Documents/GitHub/ECE49595-OSS/src/img/icons/graph.svg",
		"/Users/rohansagar/Documents/GitHub/ECE49595-OSS/src/img/icons/upload_black.svg",
		"/Users/rohansagar/Documents/GitHub/ECE49595-OSS/src/img/icons/disas.svg",
		"/Users/rohansagar/Documents/GitHub/ECE49595-OSS/src/img/icons/polar_white.svg",
		"/Users/rohansagar/Documents/GitHub/ECE49595-OSS/src/img/icons/rename.svg",
		"/Users/rohansagar/Documents/GitHub/ECE49595-OSS/src/img/icons/delete.svg",
		"/Users/rohansagar/Documents/GitHub/ECE49595-OSS/src/img/icons/down_white.svg",
		"/Users/rohansagar/Documents/GitHub/ECE49595-OSS/src/img/icons/copy.svg",
		"/Users/rohansagar/Documents/GitHub/ECE49595-OSS/src/img/icons/edit_light.svg",
		"/Users/rohansagar/Documents/GitHub/ECE49595-OSS/src/img/icons/save_light.svg",
		"/Users/rohansagar/Documents/GitHub/ECE49595-OSS/src/img/icons/media-skip-forward_light.svg",
		"/Users/rohansagar/Documents/GitHub/ECE49595-OSS/src/img/icons/plugins.svg",
		"/Users/rohansagar/Documents/GitHub/ECE49595-OSS/src/img/icons/arrow_left.svg",
		"/Users/rohansagar/Documents/GitHub/ECE49595-OSS/src/img/icons/pencil_thin.svg",
		"/Users/rohansagar/Documents/GitHub/ECE49595-OSS/src/img/icons/hexdump_white.svg",
		"/Users/rohansagar/Documents/GitHub/ECE49595-OSS/src/img/icons/cog_light.svg",
		"/Users/rohansagar/Documents/GitHub/ECE49595-OSS/src/img/icons/up.svg",
		"/Users/rohansagar/Documents/GitHub/ECE49595-OSS/src/img/icons/function_entry_dark.svg",
		"/Users/rohansagar/Documents/GitHub/ECE49595-OSS/src/img/icons/stop_trace.svg",
		"/Users/rohansagar/Documents/GitHub/ECE49595-OSS/src/img/icons/reverse_continue.svg",
		"/Users/rohansagar/Documents/GitHub/ECE49595-OSS/src/img/icons/continue_until_syscall.svg",
		"/Users/rohansagar/Documents/GitHub/ECE49595-OSS/src/img/icons/disas_white.svg",
		"/Users/rohansagar/Documents/GitHub/ECE49595-OSS/src/img/icons/step_over.svg",
		"/Users/rohansagar/Documents/GitHub/ECE49595-OSS/src/img/icons/down.svg",
		"/Users/rohansagar/Documents/GitHub/ECE49595-OSS/src/img/icons/step_out.svg",
		"/Users/rohansagar/Documents/GitHub/ECE49595-OSS/src/img/icons/cog.svg",
		"/Users/rohansagar/Documents/GitHub/ECE49595-OSS/src/img/icons/continue_until_call.svg",
		"/Users/rohansagar/Documents/GitHub/ECE49595-OSS/src/img/icons/graph_white.svg",
		"/Users/rohansagar/Documents/GitHub/ECE49595-OSS/src/img/icons/spin_white.svg",
		"/Users/rohansagar/Documents/GitHub/ECE49595-OSS/src/img/icons/function_export_dark.svg",
		"/Users/rohansagar/Documents/GitHub/ECE49595-OSS/src/img/icons/hexdump_light.svg",
		"/Users/rohansagar/Documents/GitHub/ECE49595-OSS/src/img/icons/play_light_attach.svg",
		"/Users/rohansagar/Documents/GitHub/ECE49595-OSS/src/img/icons/step_into.svg",
		"/Users/rohansagar/Documents/GitHub/ECE49595-OSS/src/img/icons/help.svg",
		"/Users/rohansagar/Documents/GitHub/ECE49595-OSS/src/img/icons/polar.svg",
		"/Users/rohansagar/Documents/GitHub/ECE49595-OSS/src/img/icons/right_light.svg",
		"/Users/rohansagar/Documents/GitHub/ECE49595-OSS/src/img/icons/play_light_debug.svg",
		"/Users/rohansagar/Documents/GitHub/ECE49595-OSS/src/img/icons/spin_light.svg",
		"/Users/rohansagar/Documents/GitHub/ECE49595-OSS/src/img/icons/lock_white.svg",
		"/Users/rohansagar/Documents/GitHub/ECE49595-OSS/src/img/icons/play_light_emul.svg",
		"/Users/rohansagar/Documents/GitHub/ECE49595-OSS/src/img/icons/sidebar.svg",
		"/Users/rohansagar/Documents/GitHub/ECE49595-OSS/src/img/icons/radar_white.svg",
		"/Users/rohansagar/Documents/GitHub/ECE49595-OSS/src/img/icons/themes.svg",
		"/Users/rohansagar/Documents/GitHub/ECE49595-OSS/src/img/icons/eye_white.svg",
		"/Users/rohansagar/Documents/GitHub/ECE49595-OSS/src/img/icons/cloud_white.svg",
		"/Users/rohansagar/Documents/GitHub/ECE49595-OSS/src/img/icons/reset.svg",
		"/Users/rohansagar/Documents/GitHub/ECE49595-OSS/src/img/icons/undo.svg",
		"/Users/rohansagar/Documents/GitHub/ECE49595-OSS/src/img/icons/radar_light.svg",
		"/Users/rohansagar/Documents/GitHub/ECE49595-OSS/src/img/icons/clear_light.svg",
		"/Users/rohansagar/Documents/GitHub/ECE49595-OSS/src/img/icons/tabs_white.svg",
		"/Users/rohansagar/Documents/GitHub/ECE49595-OSS/src/img/icons/target.svg",
		"/Users/rohansagar/Documents/GitHub/ECE49595-OSS/src/img/icons/list.svg",
		"/Users/rohansagar/Documents/GitHub/ECE49595-OSS/src/img/icons/left_light.svg",
		"/Users/rohansagar/Documents/GitHub/ECE49595-OSS/src/img/icons/cloud.svg",
		"/Users/rohansagar/Documents/GitHub/ECE49595-OSS/src/img/icons/spin.svg",
		"/Users/rohansagar/Documents/GitHub/ECE49595-OSS/src/img/icons/themes_white.svg",
		"/Users/rohansagar/Documents/GitHub/ECE49595-OSS/src/img/icons/function_import_dark.svg",
		"/Users/rohansagar/Documents/GitHub/ECE49595-OSS/src/img/icons/run_light.svg",
		"/Users/rohansagar/Documents/GitHub/ECE49595-OSS/src/img/icons/save_black.svg",
		"/Users/rohansagar/Documents/GitHub/ECE49595-OSS/src/img/icons/media-suspend_light.svg",
		"/Users/rohansagar/Documents/GitHub/ECE49595-OSS/src/img/icons/dark/arrow_right.svg",
		"/Users/rohansagar/Documents/GitHub/ECE49595-OSS/src/img/icons/dark/arrow_left.svg",
		"/Users/rohansagar/Documents/GitHub/ECE49595-OSS/src/img/icons/light/initialization.svg",
		"/Users/rohansagar/Documents/GitHub/ECE49595-OSS/src/img/icons/light/disas.svg",
		"/Users/rohansagar/Documents/GitHub/ECE49595-OSS/src/img/icons/light/graph.svg",
		"/Users/rohansagar/Documents/GitHub/ECE49595-OSS/src/img/icons/light/cog_light.svg",
		"/Users/rohansagar/Documents/GitHub/ECE49595-OSS/src/img/icons/light/polar.svg",
		"/Users/rohansagar/Documents/GitHub/ECE49595-OSS/src/img/icons/light/plugins.svg",
		"/Users/rohansagar/Documents/GitHub/ECE49595-OSS/src/img/icons/light/arrow_right.svg",
		"/Users/rohansagar/Documents/GitHub/ECE49595-OSS/src/img/icons/light/step_over.svg",
		"/Users/rohansagar/Documents/GitHub/ECE49595-OSS/src/img/icons/light/arrow_left.svg",
		"/Users/rohansagar/Documents/GitHub/ECE49595-OSS/src/img/icons/light/continue_until_syscall.svg",
		"/Users/rohansagar/Documents/GitHub/ECE49595-OSS/src/img/icons/light/step_out.svg",
		"/Users/rohansagar/Documents/GitHub/ECE49595-OSS/src/img/icons/light/bug.svg",
		"/Users/rohansagar/Documents/GitHub/ECE49595-OSS/src/img/icons/light/continue_until_call.svg",
		"/Users/rohansagar/Documents/GitHub/ECE49595-OSS/src/img/icons/light/step_into.svg",
		"/Users/rohansagar/Documents/GitHub/ECE49595-OSS/src/img/icons/light/continue_until_main.svg",
		"/Users/rohansagar/Documents/GitHub/ECE49595-OSS/src/python/cutter.py",
		"/Users/rohansagar/Documents/GitHub/ECE49595-OSS/src/python/reg_qtres_importer.py",
		"/Users/rohansagar/Documents/GitHub/ECE49595-OSS/src/fonts/Inconsolata-Regular.ttf",
		"/Users/rohansagar/Documents/GitHub/ECE49595-OSS/src/fonts/Anonymous Pro.ttf"
	],
	"LOCK_FILE" : "/Users/rohansagar/Documents/GitHub/ECE49595-OSS/build/src/CMakeFiles/Cutter_autogen.dir/AutoRcc_resources_EWIEGA46WW_Lock.lock",
	"MULTI_CONFIG" : false,
	"OPTIONS" : [ "-name", "resources" ],
	"OUTPUT_CHECKSUM" : "EWIEGA46WW",
	"OUTPUT_NAME" : "qrc_resources.cpp",
	"RCC_EXECUTABLE" : "/Users/rohansagar/miniconda3/bin/rcc",
	"RCC_LIST_OPTIONS" : [ "--list" ],
	"SETTINGS_FILE" : "/Users/rohansagar/Documents/GitHub/ECE49595-OSS/build/src/CMakeFiles/Cutter_autogen.dir/AutoRcc_resources_EWIEGA46WW_Used.txt",
	"SOURCE" : "/Users/rohansagar/Documents/GitHub/ECE49595-OSS/src/resources.qrc",
	"VERBOSITY" : 0
}
