{
	"BUILD_DIR" : "/Users/rohansagar/Documents/GitHub/ECE49595-OSS/build/src/Cutter_autogen",
	"CMAKE_BINARY_DIR" : "/Users/rohansagar/Documents/GitHub/ECE49595-OSS/build",
	"CMAKE_CURRENT_BINARY_DIR" : "/Users/rohansagar/Documents/GitHub/ECE49595-OSS/build/src",
	"CMAKE_CURRENT_SOURCE_DIR" : "/Users/rohansagar/Documents/GitHub/ECE49595-OSS/src",
	"CMAKE_EXECUTABLE" : "/usr/local/Cellar/cmake/3.28.1/bin/cmake",
	"CMAKE_LIST_FILES" : 
	[
		"/Users/rohansagar/Documents/GitHub/ECE49595-OSS/src/CMakeLists.txt",
		"/Users/rohansagar/Documents/GitHub/ECE49595-OSS/src/CutterConfig.h.in",
		"/Users/rohansagar/Documents/GitHub/ECE49595-OSS/cmake/Translations.cmake",
		"/Users/rohansagar/miniconda3/lib/cmake/Qt5LinguistTools/Qt5LinguistToolsConfigVersion.cmake",
		"/Users/rohansagar/miniconda3/lib/cmake/Qt5LinguistTools/Qt5LinguistToolsConfig.cmake",
		"/Users/rohansagar/miniconda3/lib/cmake/Qt5LinguistTools/Qt5LinguistToolsMacros.cmake",
		"/usr/local/Cellar/cmake/3.28.1/share/cmake/Modules/CMakeParseArguments.cmake",
		"/usr/local/Cellar/cmake/3.28.1/share/cmake/Modules/CMakePackageConfigHelpers.cmake",
		"/usr/local/Cellar/cmake/3.28.1/share/cmake/Modules/WriteBasicConfigVersionFile.cmake",
		"/Users/rohansagar/Documents/GitHub/ECE49595-OSS/cmake/CutterConfig.cmake.in",
		"/usr/local/Cellar/cmake/3.28.1/share/cmake/Modules/BasicConfigVersion-AnyNewerVersion.cmake.in",
		"/Users/rohansagar/Documents/GitHub/ECE49595-OSS/src/resources.qrc",
		"/Users/rohansagar/Documents/GitHub/ECE49595-OSS/src/themes/native/native.qrc",
		"/Users/rohansagar/Documents/GitHub/ECE49595-OSS/src/themes/qdarkstyle/dark.qrc",
		"/Users/rohansagar/Documents/GitHub/ECE49595-OSS/src/themes/midnight/midnight.qrc",
		"/Users/rohansagar/Documents/GitHub/ECE49595-OSS/src/themes/lightstyle/light.qrc"
	],
	"CMAKE_SOURCE_DIR" : "/Users/rohansagar/Documents/GitHub/ECE49595-OSS",
	"DEP_FILE" : "/Users/rohansagar/Documents/GitHub/ECE49595-OSS/build/src/Cutter_autogen/deps",
	"DEP_FILE_RULE_NAME" : "Cutter_autogen/timestamp",
	"HEADERS" : 
	[
		[
			"/Users/rohansagar/Documents/GitHub/ECE49595-OSS/src/CutterApplication.h",
			"MU",
			"EWIEGA46WW/moc_CutterApplication.cpp",
			null
		],
		[
			"/Users/rohansagar/Documents/GitHub/ECE49595-OSS/src/common/AddressableItemModel.h",
			"MU",
			"P66WHCG54J/moc_AddressableItemModel.cpp",
			null
		],
		[
			"/Users/rohansagar/Documents/GitHub/ECE49595-OSS/src/common/AnalysisTask.h",
			"MU",
			"P66WHCG54J/moc_AnalysisTask.cpp",
			null
		],
		[
			"/Users/rohansagar/Documents/GitHub/ECE49595-OSS/src/common/AsyncTask.h",
			"MU",
			"P66WHCG54J/moc_AsyncTask.cpp",
			null
		],
		[
			"/Users/rohansagar/Documents/GitHub/ECE49595-OSS/src/common/BasicBlockHighlighter.h",
			"MU",
			"P66WHCG54J/moc_BasicBlockHighlighter.cpp",
			null
		],
		[
			"/Users/rohansagar/Documents/GitHub/ECE49595-OSS/src/common/BasicInstructionHighlighter.h",
			"MU",
			"P66WHCG54J/moc_BasicInstructionHighlighter.cpp",
			null
		],
		[
			"/Users/rohansagar/Documents/GitHub/ECE49595-OSS/src/common/BinaryTrees.h",
			"MU",
			"P66WHCG54J/moc_BinaryTrees.cpp",
			null
		],
		[
			"/Users/rohansagar/Documents/GitHub/ECE49595-OSS/src/common/BugReporting.h",
			"MU",
			"P66WHCG54J/moc_BugReporting.cpp",
			null
		],
		[
			"/Users/rohansagar/Documents/GitHub/ECE49595-OSS/src/common/CachedFontMetrics.h",
			"MU",
			"P66WHCG54J/moc_CachedFontMetrics.cpp",
			null
		],
		[
			"/Users/rohansagar/Documents/GitHub/ECE49595-OSS/src/common/ColorThemeWorker.h",
			"MU",
			"P66WHCG54J/moc_ColorThemeWorker.cpp",
			null
		],
		[
			"/Users/rohansagar/Documents/GitHub/ECE49595-OSS/src/common/Colors.h",
			"MU",
			"P66WHCG54J/moc_Colors.cpp",
			null
		],
		[
			"/Users/rohansagar/Documents/GitHub/ECE49595-OSS/src/common/CommandTask.h",
			"MU",
			"P66WHCG54J/moc_CommandTask.cpp",
			null
		],
		[
			"/Users/rohansagar/Documents/GitHub/ECE49595-OSS/src/common/Configuration.h",
			"MU",
			"P66WHCG54J/moc_Configuration.cpp",
			null
		],
		[
			"/Users/rohansagar/Documents/GitHub/ECE49595-OSS/src/common/CutterLayout.h",
			"MU",
			"P66WHCG54J/moc_CutterLayout.cpp",
			null
		],
		[
			"/Users/rohansagar/Documents/GitHub/ECE49595-OSS/src/common/CutterSeekable.h",
			"MU",
			"P66WHCG54J/moc_CutterSeekable.cpp",
			null
		],
		[
			"/Users/rohansagar/Documents/GitHub/ECE49595-OSS/src/common/Decompiler.h",
			"MU",
			"P66WHCG54J/moc_Decompiler.cpp",
			null
		],
		[
			"/Users/rohansagar/Documents/GitHub/ECE49595-OSS/src/common/DecompilerHighlighter.h",
			"MU",
			"P66WHCG54J/moc_DecompilerHighlighter.cpp",
			null
		],
		[
			"/Users/rohansagar/Documents/GitHub/ECE49595-OSS/src/common/DirectionalComboBox.h",
			"MU",
			"P66WHCG54J/moc_DirectionalComboBox.cpp",
			null
		],
		[
			"/Users/rohansagar/Documents/GitHub/ECE49595-OSS/src/common/DisassemblyPreview.h",
			"MU",
			"P66WHCG54J/moc_DisassemblyPreview.cpp",
			null
		],
		[
			"/Users/rohansagar/Documents/GitHub/ECE49595-OSS/src/common/FunctionsTask.h",
			"MU",
			"P66WHCG54J/moc_FunctionsTask.cpp",
			null
		],
		[
			"/Users/rohansagar/Documents/GitHub/ECE49595-OSS/src/common/Helpers.h",
			"MU",
			"P66WHCG54J/moc_Helpers.cpp",
			null
		],
		[
			"/Users/rohansagar/Documents/GitHub/ECE49595-OSS/src/common/HighDpiPixmap.h",
			"MU",
			"P66WHCG54J/moc_HighDpiPixmap.cpp",
			null
		],
		[
			"/Users/rohansagar/Documents/GitHub/ECE49595-OSS/src/common/Highlighter.h",
			"MU",
			"P66WHCG54J/moc_Highlighter.cpp",
			null
		],
		[
			"/Users/rohansagar/Documents/GitHub/ECE49595-OSS/src/common/IOModesController.h",
			"MU",
			"P66WHCG54J/moc_IOModesController.cpp",
			null
		],
		[
			"/Users/rohansagar/Documents/GitHub/ECE49595-OSS/src/common/InitialOptions.h",
			"MU",
			"P66WHCG54J/moc_InitialOptions.cpp",
			null
		],
		[
			"/Users/rohansagar/Documents/GitHub/ECE49595-OSS/src/common/Json.h",
			"MU",
			"P66WHCG54J/moc_Json.cpp",
			null
		],
		[
			"/Users/rohansagar/Documents/GitHub/ECE49595-OSS/src/common/JsonModel.h",
			"MU",
			"P66WHCG54J/moc_JsonModel.cpp",
			null
		],
		[
			"/Users/rohansagar/Documents/GitHub/ECE49595-OSS/src/common/LinkedListPool.h",
			"MU",
			"P66WHCG54J/moc_LinkedListPool.cpp",
			null
		],
		[
			"/Users/rohansagar/Documents/GitHub/ECE49595-OSS/src/common/MdHighlighter.h",
			"MU",
			"P66WHCG54J/moc_MdHighlighter.cpp",
			null
		],
		[
			"/Users/rohansagar/Documents/GitHub/ECE49595-OSS/src/common/ProgressIndicator.h",
			"MU",
			"P66WHCG54J/moc_ProgressIndicator.cpp",
			null
		],
		[
			"/Users/rohansagar/Documents/GitHub/ECE49595-OSS/src/common/RefreshDeferrer.h",
			"MU",
			"P66WHCG54J/moc_RefreshDeferrer.cpp",
			null
		],
		[
			"/Users/rohansagar/Documents/GitHub/ECE49595-OSS/src/common/ResourcePaths.h",
			"MU",
			"P66WHCG54J/moc_ResourcePaths.cpp",
			null
		],
		[
			"/Users/rohansagar/Documents/GitHub/ECE49595-OSS/src/common/RichTextPainter.h",
			"MU",
			"P66WHCG54J/moc_RichTextPainter.cpp",
			null
		],
		[
			"/Users/rohansagar/Documents/GitHub/ECE49595-OSS/src/common/RizinTask.h",
			"MU",
			"P66WHCG54J/moc_RizinTask.cpp",
			null
		],
		[
			"/Users/rohansagar/Documents/GitHub/ECE49595-OSS/src/common/RunScriptTask.h",
			"MU",
			"P66WHCG54J/moc_RunScriptTask.cpp",
			null
		],
		[
			"/Users/rohansagar/Documents/GitHub/ECE49595-OSS/src/common/SelectionHighlight.h",
			"MU",
			"P66WHCG54J/moc_SelectionHighlight.cpp",
			null
		],
		[
			"/Users/rohansagar/Documents/GitHub/ECE49595-OSS/src/common/SettingsUpgrade.h",
			"MU",
			"P66WHCG54J/moc_SettingsUpgrade.cpp",
			null
		],
		[
			"/Users/rohansagar/Documents/GitHub/ECE49595-OSS/src/common/StringsTask.h",
			"MU",
			"P66WHCG54J/moc_StringsTask.cpp",
			null
		],
		[
			"/Users/rohansagar/Documents/GitHub/ECE49595-OSS/src/common/SvgIconEngine.h",
			"MU",
			"P66WHCG54J/moc_SvgIconEngine.cpp",
			null
		],
		[
			"/Users/rohansagar/Documents/GitHub/ECE49595-OSS/src/common/SyntaxHighlighter.h",
			"MU",
			"P66WHCG54J/moc_SyntaxHighlighter.cpp",
			null
		],
		[
			"/Users/rohansagar/Documents/GitHub/ECE49595-OSS/src/common/TempConfig.h",
			"MU",
			"P66WHCG54J/moc_TempConfig.cpp",
			null
		],
		[
			"/Users/rohansagar/Documents/GitHub/ECE49595-OSS/src/common/UpdateWorker.h",
			"MU",
			"P66WHCG54J/moc_UpdateWorker.cpp",
			null
		],
		[
			"/Users/rohansagar/Documents/GitHub/ECE49595-OSS/src/core/Basefind.h",
			"MU",
			"TAC5DWH4SE/moc_Basefind.cpp",
			null
		],
		[
			"/Users/rohansagar/Documents/GitHub/ECE49595-OSS/src/core/Cutter.h",
			"MU",
			"TAC5DWH4SE/moc_Cutter.cpp",
			null
		],
		[
			"/Users/rohansagar/Documents/GitHub/ECE49595-OSS/src/core/CutterCommon.h",
			"MU",
			"TAC5DWH4SE/moc_CutterCommon.cpp",
			null
		],
		[
			"/Users/rohansagar/Documents/GitHub/ECE49595-OSS/src/core/CutterDescriptions.h",
			"MU",
			"TAC5DWH4SE/moc_CutterDescriptions.cpp",
			null
		],
		[
			"/Users/rohansagar/Documents/GitHub/ECE49595-OSS/src/core/CutterJson.h",
			"MU",
			"TAC5DWH4SE/moc_CutterJson.cpp",
			null
		],
		[
			"/Users/rohansagar/Documents/GitHub/ECE49595-OSS/src/core/MainWindow.h",
			"MU",
			"TAC5DWH4SE/moc_MainWindow.cpp",
			null
		],
		[
			"/Users/rohansagar/Documents/GitHub/ECE49595-OSS/src/core/RizinCpp.h",
			"MU",
			"TAC5DWH4SE/moc_RizinCpp.cpp",
			null
		],
		[
			"/Users/rohansagar/Documents/GitHub/ECE49595-OSS/src/dialogs/AboutDialog.h",
			"MU",
			"2NRMJ5X7RK/moc_AboutDialog.cpp",
			null
		],
		[
			"/Users/rohansagar/Documents/GitHub/ECE49595-OSS/src/dialogs/ArenaInfoDialog.h",
			"MU",
			"2NRMJ5X7RK/moc_ArenaInfoDialog.cpp",
			null
		],
		[
			"/Users/rohansagar/Documents/GitHub/ECE49595-OSS/src/dialogs/AsyncTaskDialog.h",
			"MU",
			"2NRMJ5X7RK/moc_AsyncTaskDialog.cpp",
			null
		],
		[
			"/Users/rohansagar/Documents/GitHub/ECE49595-OSS/src/dialogs/AttachProcDialog.h",
			"MU",
			"2NRMJ5X7RK/moc_AttachProcDialog.cpp",
			null
		],
		[
			"/Users/rohansagar/Documents/GitHub/ECE49595-OSS/src/dialogs/BreakpointsDialog.h",
			"MU",
			"2NRMJ5X7RK/moc_BreakpointsDialog.cpp",
			null
		],
		[
			"/Users/rohansagar/Documents/GitHub/ECE49595-OSS/src/dialogs/CommentsDialog.h",
			"MU",
			"2NRMJ5X7RK/moc_CommentsDialog.cpp",
			null
		],
		[
			"/Users/rohansagar/Documents/GitHub/ECE49595-OSS/src/dialogs/EditFunctionDialog.h",
			"MU",
			"2NRMJ5X7RK/moc_EditFunctionDialog.cpp",
			null
		],
		[
			"/Users/rohansagar/Documents/GitHub/ECE49595-OSS/src/dialogs/EditInstructionDialog.h",
			"MU",
			"2NRMJ5X7RK/moc_EditInstructionDialog.cpp",
			null
		],
		[
			"/Users/rohansagar/Documents/GitHub/ECE49595-OSS/src/dialogs/EditMethodDialog.h",
			"MU",
			"2NRMJ5X7RK/moc_EditMethodDialog.cpp",
			null
		],
		[
			"/Users/rohansagar/Documents/GitHub/ECE49595-OSS/src/dialogs/EditStringDialog.h",
			"MU",
			"2NRMJ5X7RK/moc_EditStringDialog.cpp",
			null
		],
		[
			"/Users/rohansagar/Documents/GitHub/ECE49595-OSS/src/dialogs/EditVariablesDialog.h",
			"MU",
			"2NRMJ5X7RK/moc_EditVariablesDialog.cpp",
			null
		],
		[
			"/Users/rohansagar/Documents/GitHub/ECE49595-OSS/src/dialogs/FlagDialog.h",
			"MU",
			"2NRMJ5X7RK/moc_FlagDialog.cpp",
			null
		],
		[
			"/Users/rohansagar/Documents/GitHub/ECE49595-OSS/src/dialogs/GlibcHeapBinsDialog.h",
			"MU",
			"2NRMJ5X7RK/moc_GlibcHeapBinsDialog.cpp",
			null
		],
		[
			"/Users/rohansagar/Documents/GitHub/ECE49595-OSS/src/dialogs/GlibcHeapInfoDialog.h",
			"MU",
			"2NRMJ5X7RK/moc_GlibcHeapInfoDialog.cpp",
			null
		],
		[
			"/Users/rohansagar/Documents/GitHub/ECE49595-OSS/src/dialogs/GlobalVariableDialog.h",
			"MU",
			"2NRMJ5X7RK/moc_GlobalVariableDialog.cpp",
			null
		],
		[
			"/Users/rohansagar/Documents/GitHub/ECE49595-OSS/src/dialogs/HexdumpRangeDialog.h",
			"MU",
			"2NRMJ5X7RK/moc_HexdumpRangeDialog.cpp",
			null
		],
		[
			"/Users/rohansagar/Documents/GitHub/ECE49595-OSS/src/dialogs/InitialOptionsDialog.h",
			"MU",
			"2NRMJ5X7RK/moc_InitialOptionsDialog.cpp",
			null
		],
		[
			"/Users/rohansagar/Documents/GitHub/ECE49595-OSS/src/dialogs/LayoutManager.h",
			"MU",
			"2NRMJ5X7RK/moc_LayoutManager.cpp",
			null
		],
		[
			"/Users/rohansagar/Documents/GitHub/ECE49595-OSS/src/dialogs/MapFileDialog.h",
			"MU",
			"2NRMJ5X7RK/moc_MapFileDialog.cpp",
			null
		],
		[
			"/Users/rohansagar/Documents/GitHub/ECE49595-OSS/src/dialogs/MultitypeFileSaveDialog.h",
			"MU",
			"2NRMJ5X7RK/moc_MultitypeFileSaveDialog.cpp",
			null
		],
		[
			"/Users/rohansagar/Documents/GitHub/ECE49595-OSS/src/dialogs/NativeDebugDialog.h",
			"MU",
			"2NRMJ5X7RK/moc_NativeDebugDialog.cpp",
			null
		],
		[
			"/Users/rohansagar/Documents/GitHub/ECE49595-OSS/src/dialogs/NewFileDialog.h",
			"MU",
			"2NRMJ5X7RK/moc_NewFileDialog.cpp",
			null
		],
		[
			"/Users/rohansagar/Documents/GitHub/ECE49595-OSS/src/dialogs/RemoteDebugDialog.h",
			"MU",
			"2NRMJ5X7RK/moc_RemoteDebugDialog.cpp",
			null
		],
		[
			"/Users/rohansagar/Documents/GitHub/ECE49595-OSS/src/dialogs/RizinPluginsDialog.h",
			"MU",
			"2NRMJ5X7RK/moc_RizinPluginsDialog.cpp",
			null
		],
		[
			"/Users/rohansagar/Documents/GitHub/ECE49595-OSS/src/dialogs/RizinTaskDialog.h",
			"MU",
			"2NRMJ5X7RK/moc_RizinTaskDialog.cpp",
			null
		],
		[
			"/Users/rohansagar/Documents/GitHub/ECE49595-OSS/src/dialogs/SetToDataDialog.h",
			"MU",
			"2NRMJ5X7RK/moc_SetToDataDialog.cpp",
			null
		],
		[
			"/Users/rohansagar/Documents/GitHub/ECE49595-OSS/src/dialogs/TypesInteractionDialog.h",
			"MU",
			"2NRMJ5X7RK/moc_TypesInteractionDialog.cpp",
			null
		],
		[
			"/Users/rohansagar/Documents/GitHub/ECE49595-OSS/src/dialogs/VersionInfoDialog.h",
			"MU",
			"2NRMJ5X7RK/moc_VersionInfoDialog.cpp",
			null
		],
		[
			"/Users/rohansagar/Documents/GitHub/ECE49595-OSS/src/dialogs/WelcomeDialog.h",
			"MU",
			"2NRMJ5X7RK/moc_WelcomeDialog.cpp",
			null
		],
		[
			"/Users/rohansagar/Documents/GitHub/ECE49595-OSS/src/dialogs/WriteCommandsDialogs.h",
			"MU",
			"2NRMJ5X7RK/moc_WriteCommandsDialogs.cpp",
			null
		],
		[
			"/Users/rohansagar/Documents/GitHub/ECE49595-OSS/src/dialogs/XrefsDialog.h",
			"MU",
			"2NRMJ5X7RK/moc_XrefsDialog.cpp",
			null
		],
		[
			"/Users/rohansagar/Documents/GitHub/ECE49595-OSS/src/dialogs/preferences/AnalysisOptionsWidget.h",
			"MU",
			"UEY6EZFDFO/moc_AnalysisOptionsWidget.cpp",
			null
		],
		[
			"/Users/rohansagar/Documents/GitHub/ECE49595-OSS/src/dialogs/preferences/AppearanceOptionsWidget.h",
			"MU",
			"UEY6EZFDFO/moc_AppearanceOptionsWidget.cpp",
			null
		],
		[
			"/Users/rohansagar/Documents/GitHub/ECE49595-OSS/src/dialogs/preferences/AsmOptionsWidget.h",
			"MU",
			"UEY6EZFDFO/moc_AsmOptionsWidget.cpp",
			null
		],
		[
			"/Users/rohansagar/Documents/GitHub/ECE49595-OSS/src/dialogs/preferences/ColorThemeEditDialog.h",
			"MU",
			"UEY6EZFDFO/moc_ColorThemeEditDialog.cpp",
			null
		],
		[
			"/Users/rohansagar/Documents/GitHub/ECE49595-OSS/src/dialogs/preferences/DebugOptionsWidget.h",
			"MU",
			"UEY6EZFDFO/moc_DebugOptionsWidget.cpp",
			null
		],
		[
			"/Users/rohansagar/Documents/GitHub/ECE49595-OSS/src/dialogs/preferences/GraphOptionsWidget.h",
			"MU",
			"UEY6EZFDFO/moc_GraphOptionsWidget.cpp",
			null
		],
		[
			"/Users/rohansagar/Documents/GitHub/ECE49595-OSS/src/dialogs/preferences/InitializationFileEditor.h",
			"MU",
			"UEY6EZFDFO/moc_InitializationFileEditor.cpp",
			null
		],
		[
			"/Users/rohansagar/Documents/GitHub/ECE49595-OSS/src/dialogs/preferences/PluginsOptionsWidget.h",
			"MU",
			"UEY6EZFDFO/moc_PluginsOptionsWidget.cpp",
			null
		],
		[
			"/Users/rohansagar/Documents/GitHub/ECE49595-OSS/src/dialogs/preferences/PreferenceCategory.h",
			"MU",
			"UEY6EZFDFO/moc_PreferenceCategory.cpp",
			null
		],
		[
			"/Users/rohansagar/Documents/GitHub/ECE49595-OSS/src/dialogs/preferences/PreferencesDialog.h",
			"MU",
			"UEY6EZFDFO/moc_PreferencesDialog.cpp",
			null
		],
		[
			"/Users/rohansagar/Documents/GitHub/ECE49595-OSS/src/menus/AddressableItemContextMenu.h",
			"MU",
			"RSAND44FIR/moc_AddressableItemContextMenu.cpp",
			null
		],
		[
			"/Users/rohansagar/Documents/GitHub/ECE49595-OSS/src/menus/DecompilerContextMenu.h",
			"MU",
			"RSAND44FIR/moc_DecompilerContextMenu.cpp",
			null
		],
		[
			"/Users/rohansagar/Documents/GitHub/ECE49595-OSS/src/menus/DisassemblyContextMenu.h",
			"MU",
			"RSAND44FIR/moc_DisassemblyContextMenu.cpp",
			null
		],
		[
			"/Users/rohansagar/Documents/GitHub/ECE49595-OSS/src/menus/FlirtContextMenu.h",
			"MU",
			"RSAND44FIR/moc_FlirtContextMenu.cpp",
			null
		],
		[
			"/Users/rohansagar/Documents/GitHub/ECE49595-OSS/src/plugins/CutterPlugin.h",
			"MU",
			"WETUBSRGIL/moc_CutterPlugin.cpp",
			null
		],
		[
			"/Users/rohansagar/Documents/GitHub/ECE49595-OSS/src/plugins/PluginManager.h",
			"MU",
			"WETUBSRGIL/moc_PluginManager.cpp",
			null
		],
		[
			"/Users/rohansagar/Documents/GitHub/ECE49595-OSS/src/tools/basefind/BaseFindDialog.h",
			"MU",
			"J7AQZ776QT/moc_BaseFindDialog.cpp",
			null
		],
		[
			"/Users/rohansagar/Documents/GitHub/ECE49595-OSS/src/tools/basefind/BaseFindResultsDialog.h",
			"MU",
			"J7AQZ776QT/moc_BaseFindResultsDialog.cpp",
			null
		],
		[
			"/Users/rohansagar/Documents/GitHub/ECE49595-OSS/src/tools/basefind/BaseFindSearchDialog.h",
			"MU",
			"J7AQZ776QT/moc_BaseFindSearchDialog.cpp",
			null
		],
		[
			"/Users/rohansagar/Documents/GitHub/ECE49595-OSS/src/widgets/AddressableDockWidget.h",
			"MU",
			"IMAN36LHMA/moc_AddressableDockWidget.cpp",
			null
		],
		[
			"/Users/rohansagar/Documents/GitHub/ECE49595-OSS/src/widgets/AddressableItemList.h",
			"MU",
			"IMAN36LHMA/moc_AddressableItemList.cpp",
			null
		],
		[
			"/Users/rohansagar/Documents/GitHub/ECE49595-OSS/src/widgets/BacktraceWidget.h",
			"MU",
			"IMAN36LHMA/moc_BacktraceWidget.cpp",
			null
		],
		[
			"/Users/rohansagar/Documents/GitHub/ECE49595-OSS/src/widgets/BoolToggleDelegate.h",
			"MU",
			"IMAN36LHMA/moc_BoolToggleDelegate.cpp",
			null
		],
		[
			"/Users/rohansagar/Documents/GitHub/ECE49595-OSS/src/widgets/BreakpointWidget.h",
			"MU",
			"IMAN36LHMA/moc_BreakpointWidget.cpp",
			null
		],
		[
			"/Users/rohansagar/Documents/GitHub/ECE49595-OSS/src/widgets/CallGraph.h",
			"MU",
			"IMAN36LHMA/moc_CallGraph.cpp",
			null
		],
		[
			"/Users/rohansagar/Documents/GitHub/ECE49595-OSS/src/widgets/ClassesWidget.h",
			"MU",
			"IMAN36LHMA/moc_ClassesWidget.cpp",
			null
		],
		[
			"/Users/rohansagar/Documents/GitHub/ECE49595-OSS/src/widgets/ColorPicker.h",
			"MU",
			"IMAN36LHMA/moc_ColorPicker.cpp",
			null
		],
		[
			"/Users/rohansagar/Documents/GitHub/ECE49595-OSS/src/widgets/ColorThemeComboBox.h",
			"MU",
			"IMAN36LHMA/moc_ColorThemeComboBox.cpp",
			null
		],
		[
			"/Users/rohansagar/Documents/GitHub/ECE49595-OSS/src/widgets/ColorThemeListView.h",
			"MU",
			"IMAN36LHMA/moc_ColorThemeListView.cpp",
			null
		],
		[
			"/Users/rohansagar/Documents/GitHub/ECE49595-OSS/src/widgets/ComboQuickFilterView.h",
			"MU",
			"IMAN36LHMA/moc_ComboQuickFilterView.cpp",
			null
		],
		[
			"/Users/rohansagar/Documents/GitHub/ECE49595-OSS/src/widgets/CommentsWidget.h",
			"MU",
			"IMAN36LHMA/moc_CommentsWidget.cpp",
			null
		],
		[
			"/Users/rohansagar/Documents/GitHub/ECE49595-OSS/src/widgets/ConsoleWidget.h",
			"MU",
			"IMAN36LHMA/moc_ConsoleWidget.cpp",
			null
		],
		[
			"/Users/rohansagar/Documents/GitHub/ECE49595-OSS/src/widgets/CutterDockWidget.h",
			"MU",
			"IMAN36LHMA/moc_CutterDockWidget.cpp",
			null
		],
		[
			"/Users/rohansagar/Documents/GitHub/ECE49595-OSS/src/widgets/CutterGraphView.h",
			"MU",
			"IMAN36LHMA/moc_CutterGraphView.cpp",
			null
		],
		[
			"/Users/rohansagar/Documents/GitHub/ECE49595-OSS/src/widgets/CutterTreeView.h",
			"MU",
			"IMAN36LHMA/moc_CutterTreeView.cpp",
			null
		],
		[
			"/Users/rohansagar/Documents/GitHub/ECE49595-OSS/src/widgets/CutterTreeWidget.h",
			"MU",
			"IMAN36LHMA/moc_CutterTreeWidget.cpp",
			null
		],
		[
			"/Users/rohansagar/Documents/GitHub/ECE49595-OSS/src/widgets/Dashboard.h",
			"MU",
			"IMAN36LHMA/moc_Dashboard.cpp",
			null
		],
		[
			"/Users/rohansagar/Documents/GitHub/ECE49595-OSS/src/widgets/DebugActions.h",
			"MU",
			"IMAN36LHMA/moc_DebugActions.cpp",
			null
		],
		[
			"/Users/rohansagar/Documents/GitHub/ECE49595-OSS/src/widgets/DecompilerWidget.h",
			"MU",
			"IMAN36LHMA/moc_DecompilerWidget.cpp",
			null
		],
		[
			"/Users/rohansagar/Documents/GitHub/ECE49595-OSS/src/widgets/DisassemblerGraphView.h",
			"MU",
			"IMAN36LHMA/moc_DisassemblerGraphView.cpp",
			null
		],
		[
			"/Users/rohansagar/Documents/GitHub/ECE49595-OSS/src/widgets/DisassemblyWidget.h",
			"MU",
			"IMAN36LHMA/moc_DisassemblyWidget.cpp",
			null
		],
		[
			"/Users/rohansagar/Documents/GitHub/ECE49595-OSS/src/widgets/EntrypointWidget.h",
			"MU",
			"IMAN36LHMA/moc_EntrypointWidget.cpp",
			null
		],
		[
			"/Users/rohansagar/Documents/GitHub/ECE49595-OSS/src/widgets/ExportsWidget.h",
			"MU",
			"IMAN36LHMA/moc_ExportsWidget.cpp",
			null
		],
		[
			"/Users/rohansagar/Documents/GitHub/ECE49595-OSS/src/widgets/FlagsWidget.h",
			"MU",
			"IMAN36LHMA/moc_FlagsWidget.cpp",
			null
		],
		[
			"/Users/rohansagar/Documents/GitHub/ECE49595-OSS/src/widgets/FlirtWidget.h",
			"MU",
			"IMAN36LHMA/moc_FlirtWidget.cpp",
			null
		],
		[
			"/Users/rohansagar/Documents/GitHub/ECE49595-OSS/src/widgets/FunctionsWidget.h",
			"MU",
			"IMAN36LHMA/moc_FunctionsWidget.cpp",
			null
		],
		[
			"/Users/rohansagar/Documents/GitHub/ECE49595-OSS/src/widgets/GlibcHeapWidget.h",
			"MU",
			"IMAN36LHMA/moc_GlibcHeapWidget.cpp",
			null
		],
		[
			"/Users/rohansagar/Documents/GitHub/ECE49595-OSS/src/widgets/GlobalsWidget.h",
			"MU",
			"IMAN36LHMA/moc_GlobalsWidget.cpp",
			null
		],
		[
			"/Users/rohansagar/Documents/GitHub/ECE49595-OSS/src/widgets/GraphGridLayout.h",
			"MU",
			"IMAN36LHMA/moc_GraphGridLayout.cpp",
			null
		],
		[
			"/Users/rohansagar/Documents/GitHub/ECE49595-OSS/src/widgets/GraphHorizontalAdapter.h",
			"MU",
			"IMAN36LHMA/moc_GraphHorizontalAdapter.cpp",
			null
		],
		[
			"/Users/rohansagar/Documents/GitHub/ECE49595-OSS/src/widgets/GraphLayout.h",
			"MU",
			"IMAN36LHMA/moc_GraphLayout.cpp",
			null
		],
		[
			"/Users/rohansagar/Documents/GitHub/ECE49595-OSS/src/widgets/GraphView.h",
			"MU",
			"IMAN36LHMA/moc_GraphView.cpp",
			null
		],
		[
			"/Users/rohansagar/Documents/GitHub/ECE49595-OSS/src/widgets/GraphWidget.h",
			"MU",
			"IMAN36LHMA/moc_GraphWidget.cpp",
			null
		],
		[
			"/Users/rohansagar/Documents/GitHub/ECE49595-OSS/src/widgets/HeadersWidget.h",
			"MU",
			"IMAN36LHMA/moc_HeadersWidget.cpp",
			null
		],
		[
			"/Users/rohansagar/Documents/GitHub/ECE49595-OSS/src/widgets/HeapBinsGraphView.h",
			"MU",
			"IMAN36LHMA/moc_HeapBinsGraphView.cpp",
			null
		],
		[
			"/Users/rohansagar/Documents/GitHub/ECE49595-OSS/src/widgets/HeapDockWidget.h",
			"MU",
			"IMAN36LHMA/moc_HeapDockWidget.cpp",
			null
		],
		[
			"/Users/rohansagar/Documents/GitHub/ECE49595-OSS/src/widgets/HexWidget.h",
			"MU",
			"IMAN36LHMA/moc_HexWidget.cpp",
			null
		],
		[
			"/Users/rohansagar/Documents/GitHub/ECE49595-OSS/src/widgets/HexdumpWidget.h",
			"MU",
			"IMAN36LHMA/moc_HexdumpWidget.cpp",
			null
		],
		[
			"/Users/rohansagar/Documents/GitHub/ECE49595-OSS/src/widgets/ImportsWidget.h",
			"MU",
			"IMAN36LHMA/moc_ImportsWidget.cpp",
			null
		],
		[
			"/Users/rohansagar/Documents/GitHub/ECE49595-OSS/src/widgets/ListDockWidget.h",
			"MU",
			"IMAN36LHMA/moc_ListDockWidget.cpp",
			null
		],
		[
			"/Users/rohansagar/Documents/GitHub/ECE49595-OSS/src/widgets/MemoryDockWidget.h",
			"MU",
			"IMAN36LHMA/moc_MemoryDockWidget.cpp",
			null
		],
		[
			"/Users/rohansagar/Documents/GitHub/ECE49595-OSS/src/widgets/MemoryMapWidget.h",
			"MU",
			"IMAN36LHMA/moc_MemoryMapWidget.cpp",
			null
		],
		[
			"/Users/rohansagar/Documents/GitHub/ECE49595-OSS/src/widgets/Omnibar.h",
			"MU",
			"IMAN36LHMA/moc_Omnibar.cpp",
			null
		],
		[
			"/Users/rohansagar/Documents/GitHub/ECE49595-OSS/src/widgets/OverviewView.h",
			"MU",
			"IMAN36LHMA/moc_OverviewView.cpp",
			null
		],
		[
			"/Users/rohansagar/Documents/GitHub/ECE49595-OSS/src/widgets/OverviewWidget.h",
			"MU",
			"IMAN36LHMA/moc_OverviewWidget.cpp",
			null
		],
		[
			"/Users/rohansagar/Documents/GitHub/ECE49595-OSS/src/widgets/ProcessesWidget.h",
			"MU",
			"IMAN36LHMA/moc_ProcessesWidget.cpp",
			null
		],
		[
			"/Users/rohansagar/Documents/GitHub/ECE49595-OSS/src/widgets/QuickFilterView.h",
			"MU",
			"IMAN36LHMA/moc_QuickFilterView.cpp",
			null
		],
		[
			"/Users/rohansagar/Documents/GitHub/ECE49595-OSS/src/widgets/RegisterRefsWidget.h",
			"MU",
			"IMAN36LHMA/moc_RegisterRefsWidget.cpp",
			null
		],
		[
			"/Users/rohansagar/Documents/GitHub/ECE49595-OSS/src/widgets/RegistersWidget.h",
			"MU",
			"IMAN36LHMA/moc_RegistersWidget.cpp",
			null
		],
		[
			"/Users/rohansagar/Documents/GitHub/ECE49595-OSS/src/widgets/RelocsWidget.h",
			"MU",
			"IMAN36LHMA/moc_RelocsWidget.cpp",
			null
		],
		[
			"/Users/rohansagar/Documents/GitHub/ECE49595-OSS/src/widgets/ResourcesWidget.h",
			"MU",
			"IMAN36LHMA/moc_ResourcesWidget.cpp",
			null
		],
		[
			"/Users/rohansagar/Documents/GitHub/ECE49595-OSS/src/widgets/RizinGraphWidget.h",
			"MU",
			"IMAN36LHMA/moc_RizinGraphWidget.cpp",
			null
		],
		[
			"/Users/rohansagar/Documents/GitHub/ECE49595-OSS/src/widgets/SdbWidget.h",
			"MU",
			"IMAN36LHMA/moc_SdbWidget.cpp",
			null
		],
		[
			"/Users/rohansagar/Documents/GitHub/ECE49595-OSS/src/widgets/SearchWidget.h",
			"MU",
			"IMAN36LHMA/moc_SearchWidget.cpp",
			null
		],
		[
			"/Users/rohansagar/Documents/GitHub/ECE49595-OSS/src/widgets/SectionsWidget.h",
			"MU",
			"IMAN36LHMA/moc_SectionsWidget.cpp",
			null
		],
		[
			"/Users/rohansagar/Documents/GitHub/ECE49595-OSS/src/widgets/SegmentsWidget.h",
			"MU",
			"IMAN36LHMA/moc_SegmentsWidget.cpp",
			null
		],
		[
			"/Users/rohansagar/Documents/GitHub/ECE49595-OSS/src/widgets/SimpleTextGraphView.h",
			"MU",
			"IMAN36LHMA/moc_SimpleTextGraphView.cpp",
			null
		],
		[
			"/Users/rohansagar/Documents/GitHub/ECE49595-OSS/src/widgets/StackWidget.h",
			"MU",
			"IMAN36LHMA/moc_StackWidget.cpp",
			null
		],
		[
			"/Users/rohansagar/Documents/GitHub/ECE49595-OSS/src/widgets/StringsWidget.h",
			"MU",
			"IMAN36LHMA/moc_StringsWidget.cpp",
			null
		],
		[
			"/Users/rohansagar/Documents/GitHub/ECE49595-OSS/src/widgets/SymbolsWidget.h",
			"MU",
			"IMAN36LHMA/moc_SymbolsWidget.cpp",
			null
		],
		[
			"/Users/rohansagar/Documents/GitHub/ECE49595-OSS/src/widgets/ThreadsWidget.h",
			"MU",
			"IMAN36LHMA/moc_ThreadsWidget.cpp",
			null
		],
		[
			"/Users/rohansagar/Documents/GitHub/ECE49595-OSS/src/widgets/TypesWidget.h",
			"MU",
			"IMAN36LHMA/moc_TypesWidget.cpp",
			null
		],
		[
			"/Users/rohansagar/Documents/GitHub/ECE49595-OSS/src/widgets/VTablesWidget.h",
			"MU",
			"IMAN36LHMA/moc_VTablesWidget.cpp",
			null
		],
		[
			"/Users/rohansagar/Documents/GitHub/ECE49595-OSS/src/widgets/VisualNavbar.h",
			"MU",
			"IMAN36LHMA/moc_VisualNavbar.cpp",
			null
		]
	],
	"HEADER_EXTENSIONS" : [ "h", "hh", "h++", "hm", "hpp", "hxx", "in", "txx" ],
	"INCLUDE_DIR" : "/Users/rohansagar/Documents/GitHub/ECE49595-OSS/build/src/Cutter_autogen/include",
	"MOC_COMPILATION_FILE" : "/Users/rohansagar/Documents/GitHub/ECE49595-OSS/build/src/Cutter_autogen/mocs_compilation.cpp",
	"MOC_DEFINITIONS" : 
	[
		"CUTTER_SOURCE_BUILD",
		"Cutter_EXPORTS",
		"QT_CORE_LIB",
		"QT_GUI_LIB",
		"QT_NETWORK_LIB",
		"QT_NO_DEBUG",
		"QT_SVG_LIB",
		"QT_WIDGETS_LIB"
	],
	"MOC_DEPEND_FILTERS" : 
	[
		[
			"Q_PLUGIN_METADATA",
			"[\n][ \t]*Q_PLUGIN_METADATA[ \t]*\\([^\\)]*FILE[ \t]*\"([^\"]+)\""
		]
	],
	"MOC_INCLUDES" : 
	[
		"/Users/rohansagar/Documents/GitHub/ECE49595-OSS/build/src",
		"/Users/rohansagar/Documents/GitHub/ECE49595-OSS/src",
		"/Users/rohansagar/Documents/GitHub/ECE49595-OSS/src/core",
		"/Users/rohansagar/Documents/GitHub/ECE49595-OSS/src/widgets",
		"/Users/rohansagar/Documents/GitHub/ECE49595-OSS/src/common",
		"/Users/rohansagar/Documents/GitHub/ECE49595-OSS/src/plugins",
		"/Users/rohansagar/Documents/GitHub/ECE49595-OSS/src/menus",
		"/Users/rohansagar/Documents/GitHub/ECE49595-OSS/src",
		"/Users/rohansagar/Documents/GitHub/ECE49595-OSS/build/Rizin-prefix/include/librz",
		"/Users/rohansagar/Documents/GitHub/ECE49595-OSS/build/Rizin-prefix/include/librz/sdb",
		"/Users/rohansagar/miniconda3/include/qt",
		"/Users/rohansagar/miniconda3/include/qt/QtCore",
		"/Users/rohansagar/miniconda3/mkspecs/macx-clang",
		"/Users/rohansagar/miniconda3/include/qt/QtWidgets",
		"/Users/rohansagar/miniconda3/include/qt/QtGui",
		"/Library/Developer/CommandLineTools/SDKs/MacOSX10.15.sdk/System/Library/Frameworks/OpenGL.framework/Headers",
		"/Users/rohansagar/miniconda3/include/qt/QtSvg",
		"/Users/rohansagar/miniconda3/include/qt/QtNetwork",
		"/Library/Developer/CommandLineTools/usr/include/c++/v1",
		"/Library/Developer/CommandLineTools/usr/lib/clang/11.0.3/include",
		"/Library/Developer/CommandLineTools/SDKs/MacOSX10.15.sdk/usr/include",
		"/Library/Developer/CommandLineTools/usr/include"
	],
	"MOC_MACRO_NAMES" : [ "Q_OBJECT", "Q_GADGET", "Q_NAMESPACE", "Q_NAMESPACE_EXPORT" ],
	"MOC_OPTIONS" : [],
	"MOC_PATH_PREFIX" : false,
	"MOC_PREDEFS_CMD" : 
	[
		"/Library/Developer/CommandLineTools/usr/bin/c++",
		"-std=gnu++11",
		"-dM",
		"-E",
		"-c",
		"/usr/local/Cellar/cmake/3.28.1/share/cmake/Modules/CMakeCXXCompilerABI.cpp"
	],
	"MOC_PREDEFS_FILE" : "/Users/rohansagar/Documents/GitHub/ECE49595-OSS/build/src/Cutter_autogen/moc_predefs.h",
	"MOC_RELAXED_MODE" : false,
	"MOC_SKIP" : [],
	"MULTI_CONFIG" : false,
	"PARALLEL" : 2,
	"PARSE_CACHE_FILE" : "/Users/rohansagar/Documents/GitHub/ECE49595-OSS/build/src/CMakeFiles/Cutter_autogen.dir/ParseCache.txt",
	"QT_MOC_EXECUTABLE" : "/Users/rohansagar/miniconda3/bin/moc",
	"QT_UIC_EXECUTABLE" : "/Users/rohansagar/miniconda3/bin/uic",
	"QT_VERSION_MAJOR" : 5,
	"QT_VERSION_MINOR" : 15,
	"SETTINGS_FILE" : "/Users/rohansagar/Documents/GitHub/ECE49595-OSS/build/src/CMakeFiles/Cutter_autogen.dir/AutogenUsed.txt",
	"SOURCES" : 
	[
		[
			"/Users/rohansagar/Documents/GitHub/ECE49595-OSS/src/CutterApplication.cpp",
			"MU",
			null
		],
		[
			"/Users/rohansagar/Documents/GitHub/ECE49595-OSS/src/Main.cpp",
			"MU",
			null
		],
		[
			"/Users/rohansagar/Documents/GitHub/ECE49595-OSS/src/common/AddressableItemModel.cpp",
			"MU",
			null
		],
		[
			"/Users/rohansagar/Documents/GitHub/ECE49595-OSS/src/common/AnalysisTask.cpp",
			"MU",
			null
		],
		[
			"/Users/rohansagar/Documents/GitHub/ECE49595-OSS/src/common/AsyncTask.cpp",
			"MU",
			null
		],
		[
			"/Users/rohansagar/Documents/GitHub/ECE49595-OSS/src/common/BasicBlockHighlighter.cpp",
			"MU",
			null
		],
		[
			"/Users/rohansagar/Documents/GitHub/ECE49595-OSS/src/common/BasicInstructionHighlighter.cpp",
			"MU",
			null
		],
		[
			"/Users/rohansagar/Documents/GitHub/ECE49595-OSS/src/common/BugReporting.cpp",
			"MU",
			null
		],
		[
			"/Users/rohansagar/Documents/GitHub/ECE49595-OSS/src/common/ColorThemeWorker.cpp",
			"MU",
			null
		],
		[
			"/Users/rohansagar/Documents/GitHub/ECE49595-OSS/src/common/Colors.cpp",
			"MU",
			null
		],
		[
			"/Users/rohansagar/Documents/GitHub/ECE49595-OSS/src/common/CommandTask.cpp",
			"MU",
			null
		],
		[
			"/Users/rohansagar/Documents/GitHub/ECE49595-OSS/src/common/Configuration.cpp",
			"MU",
			null
		],
		[
			"/Users/rohansagar/Documents/GitHub/ECE49595-OSS/src/common/CutterLayout.cpp",
			"MU",
			null
		],
		[
			"/Users/rohansagar/Documents/GitHub/ECE49595-OSS/src/common/CutterSeekable.cpp",
			"MU",
			null
		],
		[
			"/Users/rohansagar/Documents/GitHub/ECE49595-OSS/src/common/Decompiler.cpp",
			"MU",
			null
		],
		[
			"/Users/rohansagar/Documents/GitHub/ECE49595-OSS/src/common/DecompilerHighlighter.cpp",
			"MU",
			null
		],
		[
			"/Users/rohansagar/Documents/GitHub/ECE49595-OSS/src/common/DirectionalComboBox.cpp",
			"MU",
			null
		],
		[
			"/Users/rohansagar/Documents/GitHub/ECE49595-OSS/src/common/DisassemblyPreview.cpp",
			"MU",
			null
		],
		[
			"/Users/rohansagar/Documents/GitHub/ECE49595-OSS/src/common/Helpers.cpp",
			"MU",
			null
		],
		[
			"/Users/rohansagar/Documents/GitHub/ECE49595-OSS/src/common/HighDpiPixmap.cpp",
			"MU",
			null
		],
		[
			"/Users/rohansagar/Documents/GitHub/ECE49595-OSS/src/common/Highlighter.cpp",
			"MU",
			null
		],
		[
			"/Users/rohansagar/Documents/GitHub/ECE49595-OSS/src/common/IOModesController.cpp",
			"MU",
			null
		],
		[
			"/Users/rohansagar/Documents/GitHub/ECE49595-OSS/src/common/JsonModel.cpp",
			"MU",
			null
		],
		[
			"/Users/rohansagar/Documents/GitHub/ECE49595-OSS/src/common/MdHighlighter.cpp",
			"MU",
			null
		],
		[
			"/Users/rohansagar/Documents/GitHub/ECE49595-OSS/src/common/ProgressIndicator.cpp",
			"MU",
			null
		],
		[
			"/Users/rohansagar/Documents/GitHub/ECE49595-OSS/src/common/RefreshDeferrer.cpp",
			"MU",
			null
		],
		[
			"/Users/rohansagar/Documents/GitHub/ECE49595-OSS/src/common/ResourcePaths.cpp",
			"MU",
			null
		],
		[
			"/Users/rohansagar/Documents/GitHub/ECE49595-OSS/src/common/RichTextPainter.cpp",
			"MU",
			null
		],
		[
			"/Users/rohansagar/Documents/GitHub/ECE49595-OSS/src/common/RizinTask.cpp",
			"MU",
			null
		],
		[
			"/Users/rohansagar/Documents/GitHub/ECE49595-OSS/src/common/RunScriptTask.cpp",
			"MU",
			null
		],
		[
			"/Users/rohansagar/Documents/GitHub/ECE49595-OSS/src/common/SelectionHighlight.cpp",
			"MU",
			null
		],
		[
			"/Users/rohansagar/Documents/GitHub/ECE49595-OSS/src/common/SettingsUpgrade.cpp",
			"MU",
			null
		],
		[
			"/Users/rohansagar/Documents/GitHub/ECE49595-OSS/src/common/SvgIconEngine.cpp",
			"MU",
			null
		],
		[
			"/Users/rohansagar/Documents/GitHub/ECE49595-OSS/src/common/SyntaxHighlighter.cpp",
			"MU",
			null
		],
		[
			"/Users/rohansagar/Documents/GitHub/ECE49595-OSS/src/common/TempConfig.cpp",
			"MU",
			null
		],
		[
			"/Users/rohansagar/Documents/GitHub/ECE49595-OSS/src/common/UpdateWorker.cpp",
			"MU",
			null
		],
		[
			"/Users/rohansagar/Documents/GitHub/ECE49595-OSS/src/core/Basefind.cpp",
			"MU",
			null
		],
		[
			"/Users/rohansagar/Documents/GitHub/ECE49595-OSS/src/core/Cutter.cpp",
			"MU",
			null
		],
		[
			"/Users/rohansagar/Documents/GitHub/ECE49595-OSS/src/core/CutterJson.cpp",
			"MU",
			null
		],
		[
			"/Users/rohansagar/Documents/GitHub/ECE49595-OSS/src/core/MainWindow.cpp",
			"MU",
			null
		],
		[
			"/Users/rohansagar/Documents/GitHub/ECE49595-OSS/src/core/RizinCpp.cpp",
			"MU",
			null
		],
		[
			"/Users/rohansagar/Documents/GitHub/ECE49595-OSS/src/dialogs/AboutDialog.cpp",
			"MU",
			null
		],
		[
			"/Users/rohansagar/Documents/GitHub/ECE49595-OSS/src/dialogs/ArenaInfoDialog.cpp",
			"MU",
			null
		],
		[
			"/Users/rohansagar/Documents/GitHub/ECE49595-OSS/src/dialogs/AsyncTaskDialog.cpp",
			"MU",
			null
		],
		[
			"/Users/rohansagar/Documents/GitHub/ECE49595-OSS/src/dialogs/AttachProcDialog.cpp",
			"MU",
			null
		],
		[
			"/Users/rohansagar/Documents/GitHub/ECE49595-OSS/src/dialogs/BreakpointsDialog.cpp",
			"MU",
			null
		],
		[
			"/Users/rohansagar/Documents/GitHub/ECE49595-OSS/src/dialogs/CommentsDialog.cpp",
			"MU",
			null
		],
		[
			"/Users/rohansagar/Documents/GitHub/ECE49595-OSS/src/dialogs/EditFunctionDialog.cpp",
			"MU",
			null
		],
		[
			"/Users/rohansagar/Documents/GitHub/ECE49595-OSS/src/dialogs/EditInstructionDialog.cpp",
			"MU",
			null
		],
		[
			"/Users/rohansagar/Documents/GitHub/ECE49595-OSS/src/dialogs/EditMethodDialog.cpp",
			"MU",
			null
		],
		[
			"/Users/rohansagar/Documents/GitHub/ECE49595-OSS/src/dialogs/EditStringDialog.cpp",
			"MU",
			null
		],
		[
			"/Users/rohansagar/Documents/GitHub/ECE49595-OSS/src/dialogs/EditVariablesDialog.cpp",
			"MU",
			null
		],
		[
			"/Users/rohansagar/Documents/GitHub/ECE49595-OSS/src/dialogs/FlagDialog.cpp",
			"MU",
			null
		],
		[
			"/Users/rohansagar/Documents/GitHub/ECE49595-OSS/src/dialogs/GlibcHeapBinsDialog.cpp",
			"MU",
			null
		],
		[
			"/Users/rohansagar/Documents/GitHub/ECE49595-OSS/src/dialogs/GlibcHeapInfoDialog.cpp",
			"MU",
			null
		],
		[
			"/Users/rohansagar/Documents/GitHub/ECE49595-OSS/src/dialogs/GlobalVariableDialog.cpp",
			"MU",
			null
		],
		[
			"/Users/rohansagar/Documents/GitHub/ECE49595-OSS/src/dialogs/HexdumpRangeDialog.cpp",
			"MU",
			null
		],
		[
			"/Users/rohansagar/Documents/GitHub/ECE49595-OSS/src/dialogs/InitialOptionsDialog.cpp",
			"MU",
			null
		],
		[
			"/Users/rohansagar/Documents/GitHub/ECE49595-OSS/src/dialogs/LayoutManager.cpp",
			"MU",
			null
		],
		[
			"/Users/rohansagar/Documents/GitHub/ECE49595-OSS/src/dialogs/MapFileDialog.cpp",
			"MU",
			null
		],
		[
			"/Users/rohansagar/Documents/GitHub/ECE49595-OSS/src/dialogs/MultitypeFileSaveDialog.cpp",
			"MU",
			null
		],
		[
			"/Users/rohansagar/Documents/GitHub/ECE49595-OSS/src/dialogs/NativeDebugDialog.cpp",
			"MU",
			null
		],
		[
			"/Users/rohansagar/Documents/GitHub/ECE49595-OSS/src/dialogs/NewFileDialog.cpp",
			"MU",
			null
		],
		[
			"/Users/rohansagar/Documents/GitHub/ECE49595-OSS/src/dialogs/RemoteDebugDialog.cpp",
			"MU",
			null
		],
		[
			"/Users/rohansagar/Documents/GitHub/ECE49595-OSS/src/dialogs/RizinPluginsDialog.cpp",
			"MU",
			null
		],
		[
			"/Users/rohansagar/Documents/GitHub/ECE49595-OSS/src/dialogs/RizinTaskDialog.cpp",
			"MU",
			null
		],
		[
			"/Users/rohansagar/Documents/GitHub/ECE49595-OSS/src/dialogs/SetToDataDialog.cpp",
			"MU",
			null
		],
		[
			"/Users/rohansagar/Documents/GitHub/ECE49595-OSS/src/dialogs/TypesInteractionDialog.cpp",
			"MU",
			null
		],
		[
			"/Users/rohansagar/Documents/GitHub/ECE49595-OSS/src/dialogs/VersionInfoDialog.cpp",
			"MU",
			null
		],
		[
			"/Users/rohansagar/Documents/GitHub/ECE49595-OSS/src/dialogs/WelcomeDialog.cpp",
			"MU",
			null
		],
		[
			"/Users/rohansagar/Documents/GitHub/ECE49595-OSS/src/dialogs/WriteCommandsDialogs.cpp",
			"MU",
			null
		],
		[
			"/Users/rohansagar/Documents/GitHub/ECE49595-OSS/src/dialogs/XrefsDialog.cpp",
			"MU",
			null
		],
		[
			"/Users/rohansagar/Documents/GitHub/ECE49595-OSS/src/dialogs/preferences/AnalysisOptionsWidget.cpp",
			"MU",
			null
		],
		[
			"/Users/rohansagar/Documents/GitHub/ECE49595-OSS/src/dialogs/preferences/AppearanceOptionsWidget.cpp",
			"MU",
			null
		],
		[
			"/Users/rohansagar/Documents/GitHub/ECE49595-OSS/src/dialogs/preferences/AsmOptionsWidget.cpp",
			"MU",
			null
		],
		[
			"/Users/rohansagar/Documents/GitHub/ECE49595-OSS/src/dialogs/preferences/ColorThemeEditDialog.cpp",
			"MU",
			null
		],
		[
			"/Users/rohansagar/Documents/GitHub/ECE49595-OSS/src/dialogs/preferences/DebugOptionsWidget.cpp",
			"MU",
			null
		],
		[
			"/Users/rohansagar/Documents/GitHub/ECE49595-OSS/src/dialogs/preferences/GraphOptionsWidget.cpp",
			"MU",
			null
		],
		[
			"/Users/rohansagar/Documents/GitHub/ECE49595-OSS/src/dialogs/preferences/InitializationFileEditor.cpp",
			"MU",
			null
		],
		[
			"/Users/rohansagar/Documents/GitHub/ECE49595-OSS/src/dialogs/preferences/PluginsOptionsWidget.cpp",
			"MU",
			null
		],
		[
			"/Users/rohansagar/Documents/GitHub/ECE49595-OSS/src/dialogs/preferences/PreferenceCategory.cpp",
			"MU",
			null
		],
		[
			"/Users/rohansagar/Documents/GitHub/ECE49595-OSS/src/dialogs/preferences/PreferencesDialog.cpp",
			"MU",
			null
		],
		[
			"/Users/rohansagar/Documents/GitHub/ECE49595-OSS/src/menus/AddressableItemContextMenu.cpp",
			"MU",
			null
		],
		[
			"/Users/rohansagar/Documents/GitHub/ECE49595-OSS/src/menus/DecompilerContextMenu.cpp",
			"MU",
			null
		],
		[
			"/Users/rohansagar/Documents/GitHub/ECE49595-OSS/src/menus/DisassemblyContextMenu.cpp",
			"MU",
			null
		],
		[
			"/Users/rohansagar/Documents/GitHub/ECE49595-OSS/src/menus/FlirtContextMenu.cpp",
			"MU",
			null
		],
		[
			"/Users/rohansagar/Documents/GitHub/ECE49595-OSS/src/plugins/PluginManager.cpp",
			"MU",
			null
		],
		[
			"/Users/rohansagar/Documents/GitHub/ECE49595-OSS/src/tools/basefind/BaseFindDialog.cpp",
			"MU",
			null
		],
		[
			"/Users/rohansagar/Documents/GitHub/ECE49595-OSS/src/tools/basefind/BaseFindResultsDialog.cpp",
			"MU",
			null
		],
		[
			"/Users/rohansagar/Documents/GitHub/ECE49595-OSS/src/tools/basefind/BaseFindSearchDialog.cpp",
			"MU",
			null
		],
		[
			"/Users/rohansagar/Documents/GitHub/ECE49595-OSS/src/widgets/AddressableDockWidget.cpp",
			"MU",
			null
		],
		[
			"/Users/rohansagar/Documents/GitHub/ECE49595-OSS/src/widgets/BacktraceWidget.cpp",
			"MU",
			null
		],
		[
			"/Users/rohansagar/Documents/GitHub/ECE49595-OSS/src/widgets/BoolToggleDelegate.cpp",
			"MU",
			null
		],
		[
			"/Users/rohansagar/Documents/GitHub/ECE49595-OSS/src/widgets/BreakpointWidget.cpp",
			"MU",
			null
		],
		[
			"/Users/rohansagar/Documents/GitHub/ECE49595-OSS/src/widgets/CallGraph.cpp",
			"MU",
			null
		],
		[
			"/Users/rohansagar/Documents/GitHub/ECE49595-OSS/src/widgets/ClassesWidget.cpp",
			"MU",
			null
		],
		[
			"/Users/rohansagar/Documents/GitHub/ECE49595-OSS/src/widgets/ColorPicker.cpp",
			"MU",
			null
		],
		[
			"/Users/rohansagar/Documents/GitHub/ECE49595-OSS/src/widgets/ColorThemeComboBox.cpp",
			"MU",
			null
		],
		[
			"/Users/rohansagar/Documents/GitHub/ECE49595-OSS/src/widgets/ColorThemeListView.cpp",
			"MU",
			null
		],
		[
			"/Users/rohansagar/Documents/GitHub/ECE49595-OSS/src/widgets/ComboQuickFilterView.cpp",
			"MU",
			null
		],
		[
			"/Users/rohansagar/Documents/GitHub/ECE49595-OSS/src/widgets/CommentsWidget.cpp",
			"MU",
			null
		],
		[
			"/Users/rohansagar/Documents/GitHub/ECE49595-OSS/src/widgets/ConsoleWidget.cpp",
			"MU",
			null
		],
		[
			"/Users/rohansagar/Documents/GitHub/ECE49595-OSS/src/widgets/CutterDockWidget.cpp",
			"MU",
			null
		],
		[
			"/Users/rohansagar/Documents/GitHub/ECE49595-OSS/src/widgets/CutterGraphView.cpp",
			"MU",
			null
		],
		[
			"/Users/rohansagar/Documents/GitHub/ECE49595-OSS/src/widgets/CutterTreeView.cpp",
			"MU",
			null
		],
		[
			"/Users/rohansagar/Documents/GitHub/ECE49595-OSS/src/widgets/CutterTreeWidget.cpp",
			"MU",
			null
		],
		[
			"/Users/rohansagar/Documents/GitHub/ECE49595-OSS/src/widgets/Dashboard.cpp",
			"MU",
			null
		],
		[
			"/Users/rohansagar/Documents/GitHub/ECE49595-OSS/src/widgets/DebugActions.cpp",
			"MU",
			null
		],
		[
			"/Users/rohansagar/Documents/GitHub/ECE49595-OSS/src/widgets/DecompilerWidget.cpp",
			"MU",
			null
		],
		[
			"/Users/rohansagar/Documents/GitHub/ECE49595-OSS/src/widgets/DisassemblerGraphView.cpp",
			"MU",
			null
		],
		[
			"/Users/rohansagar/Documents/GitHub/ECE49595-OSS/src/widgets/DisassemblyWidget.cpp",
			"MU",
			null
		],
		[
			"/Users/rohansagar/Documents/GitHub/ECE49595-OSS/src/widgets/EntrypointWidget.cpp",
			"MU",
			null
		],
		[
			"/Users/rohansagar/Documents/GitHub/ECE49595-OSS/src/widgets/ExportsWidget.cpp",
			"MU",
			null
		],
		[
			"/Users/rohansagar/Documents/GitHub/ECE49595-OSS/src/widgets/FlagsWidget.cpp",
			"MU",
			null
		],
		[
			"/Users/rohansagar/Documents/GitHub/ECE49595-OSS/src/widgets/FlirtWidget.cpp",
			"MU",
			null
		],
		[
			"/Users/rohansagar/Documents/GitHub/ECE49595-OSS/src/widgets/FunctionsWidget.cpp",
			"MU",
			null
		],
		[
			"/Users/rohansagar/Documents/GitHub/ECE49595-OSS/src/widgets/GlibcHeapWidget.cpp",
			"MU",
			null
		],
		[
			"/Users/rohansagar/Documents/GitHub/ECE49595-OSS/src/widgets/GlobalsWidget.cpp",
			"MU",
			null
		],
		[
			"/Users/rohansagar/Documents/GitHub/ECE49595-OSS/src/widgets/GraphGridLayout.cpp",
			"MU",
			null
		],
		[
			"/Users/rohansagar/Documents/GitHub/ECE49595-OSS/src/widgets/GraphHorizontalAdapter.cpp",
			"MU",
			null
		],
		[
			"/Users/rohansagar/Documents/GitHub/ECE49595-OSS/src/widgets/GraphView.cpp",
			"MU",
			null
		],
		[
			"/Users/rohansagar/Documents/GitHub/ECE49595-OSS/src/widgets/GraphWidget.cpp",
			"MU",
			null
		],
		[
			"/Users/rohansagar/Documents/GitHub/ECE49595-OSS/src/widgets/HeadersWidget.cpp",
			"MU",
			null
		],
		[
			"/Users/rohansagar/Documents/GitHub/ECE49595-OSS/src/widgets/HeapBinsGraphView.cpp",
			"MU",
			null
		],
		[
			"/Users/rohansagar/Documents/GitHub/ECE49595-OSS/src/widgets/HeapDockWidget.cpp",
			"MU",
			null
		],
		[
			"/Users/rohansagar/Documents/GitHub/ECE49595-OSS/src/widgets/HexWidget.cpp",
			"MU",
			null
		],
		[
			"/Users/rohansagar/Documents/GitHub/ECE49595-OSS/src/widgets/HexdumpWidget.cpp",
			"MU",
			null
		],
		[
			"/Users/rohansagar/Documents/GitHub/ECE49595-OSS/src/widgets/ImportsWidget.cpp",
			"MU",
			null
		],
		[
			"/Users/rohansagar/Documents/GitHub/ECE49595-OSS/src/widgets/ListDockWidget.cpp",
			"MU",
			null
		],
		[
			"/Users/rohansagar/Documents/GitHub/ECE49595-OSS/src/widgets/MemoryDockWidget.cpp",
			"MU",
			null
		],
		[
			"/Users/rohansagar/Documents/GitHub/ECE49595-OSS/src/widgets/MemoryMapWidget.cpp",
			"MU",
			null
		],
		[
			"/Users/rohansagar/Documents/GitHub/ECE49595-OSS/src/widgets/Omnibar.cpp",
			"MU",
			null
		],
		[
			"/Users/rohansagar/Documents/GitHub/ECE49595-OSS/src/widgets/OverviewView.cpp",
			"MU",
			null
		],
		[
			"/Users/rohansagar/Documents/GitHub/ECE49595-OSS/src/widgets/OverviewWidget.cpp",
			"MU",
			null
		],
		[
			"/Users/rohansagar/Documents/GitHub/ECE49595-OSS/src/widgets/ProcessesWidget.cpp",
			"MU",
			null
		],
		[
			"/Users/rohansagar/Documents/GitHub/ECE49595-OSS/src/widgets/QuickFilterView.cpp",
			"MU",
			null
		],
		[
			"/Users/rohansagar/Documents/GitHub/ECE49595-OSS/src/widgets/RegisterRefsWidget.cpp",
			"MU",
			null
		],
		[
			"/Users/rohansagar/Documents/GitHub/ECE49595-OSS/src/widgets/RegistersWidget.cpp",
			"MU",
			null
		],
		[
			"/Users/rohansagar/Documents/GitHub/ECE49595-OSS/src/widgets/RelocsWidget.cpp",
			"MU",
			null
		],
		[
			"/Users/rohansagar/Documents/GitHub/ECE49595-OSS/src/widgets/ResourcesWidget.cpp",
			"MU",
			null
		],
		[
			"/Users/rohansagar/Documents/GitHub/ECE49595-OSS/src/widgets/RizinGraphWidget.cpp",
			"MU",
			null
		],
		[
			"/Users/rohansagar/Documents/GitHub/ECE49595-OSS/src/widgets/SdbWidget.cpp",
			"MU",
			null
		],
		[
			"/Users/rohansagar/Documents/GitHub/ECE49595-OSS/src/widgets/SearchWidget.cpp",
			"MU",
			null
		],
		[
			"/Users/rohansagar/Documents/GitHub/ECE49595-OSS/src/widgets/SectionsWidget.cpp",
			"MU",
			null
		],
		[
			"/Users/rohansagar/Documents/GitHub/ECE49595-OSS/src/widgets/SegmentsWidget.cpp",
			"MU",
			null
		],
		[
			"/Users/rohansagar/Documents/GitHub/ECE49595-OSS/src/widgets/SimpleTextGraphView.cpp",
			"MU",
			null
		],
		[
			"/Users/rohansagar/Documents/GitHub/ECE49595-OSS/src/widgets/StackWidget.cpp",
			"MU",
			null
		],
		[
			"/Users/rohansagar/Documents/GitHub/ECE49595-OSS/src/widgets/StringsWidget.cpp",
			"MU",
			null
		],
		[
			"/Users/rohansagar/Documents/GitHub/ECE49595-OSS/src/widgets/SymbolsWidget.cpp",
			"MU",
			null
		],
		[
			"/Users/rohansagar/Documents/GitHub/ECE49595-OSS/src/widgets/ThreadsWidget.cpp",
			"MU",
			null
		],
		[
			"/Users/rohansagar/Documents/GitHub/ECE49595-OSS/src/widgets/TypesWidget.cpp",
			"MU",
			null
		],
		[
			"/Users/rohansagar/Documents/GitHub/ECE49595-OSS/src/widgets/VTablesWidget.cpp",
			"MU",
			null
		],
		[
			"/Users/rohansagar/Documents/GitHub/ECE49595-OSS/src/widgets/VisualNavbar.cpp",
			"MU",
			null
		]
	],
	"UIC_OPTIONS" : [],
	"UIC_SEARCH_PATHS" : [],
	"UIC_SKIP" : [],
	"UIC_UI_FILES" : [],
	"VERBOSITY" : 0
}
