{
	"sources" : 
	[
		{
			"file" : "/Users/rohansagar/Documents/GitHub/ECE49595-OSS/build/CMakeFiles/Rizin-Bundled"
		},
		{
			"file" : "/Users/rohansagar/Documents/GitHub/ECE49595-OSS/build/CMakeFiles/Rizin-Bundled.rule"
		},
		{
			"file" : "/Users/rohansagar/Documents/GitHub/ECE49595-OSS/build/CMakeFiles/Rizin-Bundled-complete.rule"
		},
		{
			"file" : "/Users/rohansagar/Documents/GitHub/ECE49595-OSS/build/Rizin-Bundled-prefix/src/Rizin-Bundled-stamp/Rizin-Bundled-build.rule"
		},
		{
			"file" : "/Users/rohansagar/Documents/GitHub/ECE49595-OSS/build/Rizin-Bundled-prefix/src/Rizin-Bundled-stamp/Rizin-Bundled-configure.rule"
		},
		{
			"file" : "/Users/rohansagar/Documents/GitHub/ECE49595-OSS/build/Rizin-Bundled-prefix/src/Rizin-Bundled-stamp/Rizin-Bundled-download.rule"
		},
		{
			"file" : "/Users/rohansagar/Documents/GitHub/ECE49595-OSS/build/Rizin-Bundled-prefix/src/Rizin-Bundled-stamp/Rizin-Bundled-install.rule"
		},
		{
			"file" : "/Users/rohansagar/Documents/GitHub/ECE49595-OSS/build/Rizin-Bundled-prefix/src/Rizin-Bundled-stamp/Rizin-Bundled-mkdir.rule"
		},
		{
			"file" : "/Users/rohansagar/Documents/GitHub/ECE49595-OSS/build/Rizin-Bundled-prefix/src/Rizin-Bundled-stamp/Rizin-Bundled-patch.rule"
		},
		{
			"file" : "/Users/rohansagar/Documents/GitHub/ECE49595-OSS/build/Rizin-Bundled-prefix/src/Rizin-Bundled-stamp/Rizin-Bundled-update.rule"
		}
	],
	"target" : 
	{
		"labels" : 
		[
			"Rizin-Bundled"
		],
		"name" : "Rizin-Bundled"
	}
}